,0
0,4.0
1,2.25
2,1.5
3,3.8
4,4.0
5,4.0
6,3.68
7,3.81
8,4.0
9,4.0
10,2.61
11,0.67
12,4.0
13,4.0
14,1.38
15,3.33
16,2.0
17,3.0
18,3.75
19,3.46
20,3.4
21,2.0
22,3.09
23,3.5
24,2.54
25,4.0
26,3.0
27,4.0
28,3.0
29,3.38
30,3.5
31,4.0
32,3.79
33,2.82
34,3.33
35,2.0
36,4.0
37,3.0
38,0.0
39,2.6
40,1.62
41,3.4
42,0.0
43,2.92
44,1.67
45,3.0
46,2.0
47,3.73
48,4.0
49,2.89
50,3.67
51,3.6
52,2.25
53,2.8
54,4.0
55,2.7
56,3.67
57,3.2
58,4.0
59,3.4
60,3.14
61,2.6
62,4.0
63,3.0
64,2.6
65,3.8
66,3.25
67,2.71
68,0.0
69,0.0
70,1.0
71,4.0
72,3.17
73,3.57
74,3.33
75,4.0
76,3.4
77,3.0
78,3.1
79,3.67
80,4.0
81,3.5
82,4.0
83,2.6
84,4.0
85,2.5
86,3.75
87,2.31
88,3.4
89,4.0
90,4.0
91,3.16
92,2.36
93,3.46
94,3.5
95,3.75
96,4.0
97,3.15
98,3.0
99,3.6
100,2.36
101,1.8
102,2.6
103,3.5
104,3.0
105,3.5
106,3.0
107,3.54
108,2.75
109,3.5
110,3.0
111,2.75
112,1.5
113,3.5
114,4.0
115,1.0
116,1.0
117,3.77
118,3.0
119,4.0
120,4.0
121,3.33
122,4.0
123,4.0
124,3.65
125,0.25
126,3.8
127,4.0
128,4.0
129,2.69
130,4.0
131,3.75
132,4.0
133,2.35
134,3.4
135,4.0
136,4.0
137,3.4
138,4.0
139,3.75
140,1.75
141,4.0
142,2.44
143,2.71
144,2.8
145,3.46
146,3.5
147,3.17
148,3.17
149,1.88
150,3.25
151,4.0
152,3.46
153,0.4
154,3.53
155,4.0
156,3.0
157,4.0
158,2.57
159,3.0
160,3.81
161,3.0
162,1.81
163,1.0
164,0.0
165,3.23
166,3.13
167,3.8
168,3.81
169,4.0
170,3.67
171,1.8
172,2.67
173,2.55
174,2.5
175,2.67
176,2.6
177,2.8
178,2.5
179,3.31
180,3.5
181,2.33
182,2.0
183,3.5
184,1.75
185,2.0
186,2.67
187,4.0
188,1.5
189,3.0
190,3.06
191,3.0
192,4.0
193,1.33
194,1.6
195,2.62
196,2.75
197,3.2
198,2.67
199,2.4
200,2.6
201,4.0
202,0.92
203,3.25
204,0.82
205,3.8
206,2.33
207,3.69
208,2.0
209,0.0
210,3.0
211,4.0
212,3.4
213,4.0
214,4.0
215,1.8
216,1.25
217,3.44
218,4.0
219,2.5
220,2.62
221,3.68
222,3.6
223,2.46
224,3.67
225,4.0
226,3.4
227,2.45
228,2.6
229,2.6
230,3.38
231,2.62
232,1.23
233,2.75
234,3.69
235,2.14
236,3.75
237,0.0
238,2.54
239,4.0
240,2.6
241,1.77
242,3.57
243,4.0
244,2.0
245,3.25
246,3.0
247,1.75
248,3.83
249,4.0
250,3.23
251,3.0
252,3.2
253,2.91
254,3.0
255,3.6
256,3.25
257,3.68
258,1.5
259,3.5
260,4.0
261,4.0
262,2.33
263,1.92
264,4.0
265,4.0
266,4.0
267,2.0
268,4.0
269,3.13
270,2.8
271,0.0
272,3.0
273,1.0
274,4.0
275,2.25
276,2.6
277,2.75
278,3.0
279,2.43
280,3.13
281,3.67
282,4.0
283,3.81
284,4.0
285,3.08
286,2.5
287,2.2
288,3.0
289,2.2
290,2.56
291,2.67
292,2.6
293,2.62
294,1.31
295,2.5
296,4.0
297,0.0
298,2.73
299,3.4
300,1.93
301,3.82
302,1.2
303,2.5
304,2.94
305,2.0
306,4.0
307,2.5
308,3.54
309,3.0
310,1.77
311,4.0
312,3.5
313,3.0
314,2.67
315,4.0
316,4.0
317,3.63
318,4.0
319,3.5
320,2.94
321,4.0
322,4.0
323,1.69
324,0.31
325,3.4
326,3.6
327,2.5
328,4.0
329,3.5
330,1.75
331,1.67
332,0.0
333,3.54
334,1.67
335,3.0
336,3.0
337,3.13
338,2.0
339,3.0
340,3.67
341,3.6
342,3.0
343,2.0
344,3.2
345,2.0
346,3.75
347,3.53
348,0.0
349,2.8
350,3.25
351,0.0
352,4.0
353,2.82
354,2.4
355,2.72
356,3.67
357,2.17
358,3.0
359,4.0
360,3.71
361,0.0
362,2.23
363,3.2
364,4.0
365,2.69
366,3.4
367,2.75
368,4.0
369,2.6
370,1.77
371,3.06
372,3.08
373,2.0
374,4.0
375,3.25
376,0.0
377,1.5
378,3.0
379,3.0
380,1.25
381,3.7
382,2.0
383,4.0
384,3.31
385,3.39
386,2.67
387,0.5
388,3.6
389,3.0
390,2.63
391,1.25
392,2.62
393,2.6
394,2.61
395,3.0
396,4.0
397,4.0
398,2.38
399,2.75
400,3.38
401,4.0
402,4.0
403,3.75
404,2.75
405,2.8
406,3.8
407,3.67
408,0.0
409,4.0
410,3.06
411,1.19
412,3.87
413,3.75
414,3.0
415,0.75
416,3.6
417,2.33
418,3.63
419,2.33
420,3.15
421,2.4
422,2.67
423,1.5
424,2.83
425,0.5
426,1.17
427,3.86
428,1.23
429,2.81
430,2.0
431,3.0
432,3.33
433,2.0
434,3.33
435,3.83
436,4.0
437,1.33
438,4.0
439,2.77
440,4.0
441,4.0
442,3.75
443,2.6
444,2.6
445,2.64
446,2.0
447,3.0
448,4.0
449,3.2
450,3.43
451,4.0
452,2.4
453,4.0
454,3.77
455,3.82
456,1.25
457,1.25
458,4.0
459,2.0
460,3.47
461,3.5
462,1.0
463,4.0
464,3.8
465,0.0
466,1.7
467,4.0
468,3.67
469,3.0
470,2.6
471,2.86
472,0.0
473,2.8
474,3.23
475,3.4
476,3.0
477,0.0
478,3.39
479,2.75
480,2.8
481,4.0
482,2.13
483,2.08
484,1.75
485,3.0
486,2.0
487,3.0
488,1.38
489,1.5
490,2.77
491,2.38
492,3.25
493,3.75
494,1.25
495,3.38
496,3.69
497,4.0
498,0.0
499,1.31
500,0.0
501,2.92
502,2.0
503,3.5
504,3.0
505,3.7
506,3.71
507,0.94
508,2.0
509,1.75
510,0.0
511,2.86
512,1.0
513,2.92
514,3.67
515,2.17
516,2.75
517,2.32
518,3.0
519,2.0
520,3.07
521,3.32
522,3.25
523,0.0
524,3.73
525,3.0
526,0.0
527,3.5
528,2.88
529,4.0
530,2.67
531,1.8
532,1.6
533,4.0
534,1.67
535,3.5
536,4.0
537,0.5
538,4.0
539,3.5
540,3.63
541,3.64
542,4.0
543,2.5
544,2.54
545,2.5
546,3.0
547,2.0
548,3.47
549,2.0
550,3.56
551,2.2
552,3.4
553,3.11
554,3.5
555,4.0
556,3.0
557,3.67
558,2.0
559,3.75
560,3.0
561,1.5
562,3.31
563,1.75
564,3.33
565,2.77
566,1.5
567,4.0
568,4.0
569,4.0
570,4.0
571,1.0
572,2.6
573,2.93
574,4.0
575,3.15
576,1.33
577,3.31
578,3.67
579,3.63
580,4.0
581,1.33
582,0.0
583,4.0
584,4.0
585,2.0
586,4.0
587,3.8
588,2.0
589,3.33
590,3.4
591,3.0
592,4.0
593,4.0
594,2.5
595,3.67
596,4.0
597,3.33
598,3.0
599,2.0
600,2.5
601,0.0
602,4.0
603,1.0
604,0.0
605,3.29
606,3.75
607,3.54
608,1.8
609,3.5
610,4.0
611,3.07
612,3.25
613,3.13
614,3.81
615,3.2
616,3.8
617,1.33
618,2.31
619,3.64
620,3.6
621,2.4
622,3.25
623,3.65
624,3.4
625,3.5
626,3.5
627,0.0
628,4.0
629,3.5
630,3.0
631,2.5
632,3.0
633,3.83
634,4.0
635,2.0
636,3.16
637,4.0
638,4.0
639,2.77
640,2.4
641,3.54
642,2.4
643,2.93
644,3.8
645,0.0
646,0.0
647,0.5
648,4.0
649,3.8
650,4.0
651,4.0
652,2.75
653,1.0
654,2.85
655,2.92
656,3.0
657,0.57
658,3.5
659,4.0
660,2.0
661,1.08
662,3.4
663,0.25
664,3.25
665,0.54
666,3.5
667,4.0
668,3.23
669,3.82
670,3.5
671,3.0
672,2.0
673,2.31
674,3.5
675,1.78
676,3.33
677,3.81
678,2.31
679,2.75
680,2.31
681,3.75
682,2.4
683,0.0
684,3.64
685,3.2
686,4.0
687,3.4
688,3.1
689,3.59
690,1.5
691,2.15
692,3.75
693,3.25
694,4.0
695,3.0
696,3.6
697,2.0
698,3.75
699,1.25
700,4.0
701,3.75
702,3.6
703,4.0
704,2.92
705,4.0
706,4.0
707,3.67
708,3.43
709,2.43
710,3.0
711,3.33
712,2.5
713,3.71
714,2.4
715,2.5
716,3.6
717,2.69
718,3.8
719,3.06
720,2.4
721,4.0
722,4.0
723,3.25
724,2.79
725,1.67
726,3.0
727,3.62
728,3.0
729,3.08
730,4.0
731,3.0
732,1.5
733,3.38
734,4.0
735,3.4
736,2.0
737,2.0
738,2.45
739,3.29
740,3.25
741,2.75
742,3.4
743,3.55
744,3.0
745,1.53
746,4.0
747,3.77
748,3.5
749,3.63
750,2.0
751,0.0
752,1.75
753,2.2
754,2.05
755,3.25
756,1.33
757,2.0
758,2.5
759,3.79
760,3.7
761,4.0
762,2.54
763,3.44
764,4.0
765,3.67
766,1.9
767,2.0
768,4.0
769,3.25
770,2.75
771,3.4
772,4.0
773,1.33
774,3.57
775,2.0
776,4.0
777,0.0
778,1.5
779,2.81
780,3.13
781,4.0
782,3.67
783,3.67
784,3.6
785,3.5
786,3.2
787,3.09
788,0.71
789,2.57
790,4.0
791,3.4
792,3.5
793,1.5
794,4.0
795,4.0
796,3.0
797,2.0
798,2.54
799,3.4
800,3.5
801,3.0
802,3.79
803,1.83
804,3.4
805,3.56
806,3.0
807,2.67
808,2.75
809,1.83
810,2.75
811,2.85
812,3.0
813,3.5
814,4.0
815,3.67
816,3.8
817,2.25
818,3.2
819,1.75
820,3.2
821,0.2
822,2.93
823,2.54
824,2.57
825,3.0
826,3.25
827,3.2
828,3.77
829,3.4
830,4.0
831,3.21
832,4.0
833,4.0
834,4.0
835,3.2
836,2.25
837,4.0
838,2.75
839,0.0
840,3.25
841,4.0
842,4.0
843,4.0
844,3.31
845,2.77
846,2.92
847,2.44
848,3.33
849,0.0
850,3.57
851,1.8
852,1.46
853,0.0
854,0.75
855,4.0
856,1.75
857,2.0
858,4.0
859,0.75
860,4.0
861,2.88
862,1.57
863,2.5
864,1.63
865,3.53
866,4.0
867,2.23
868,4.0
869,3.21
870,3.44
871,4.0
872,2.0
873,0.0
874,3.44
875,4.0
876,3.56
877,1.2
878,4.0
879,4.0
880,4.0
881,3.63
882,1.0
883,0.75
884,4.0
885,3.2
886,4.0
887,2.08
888,3.33
889,3.38
890,2.75
891,2.75
892,2.25
893,4.0
894,4.0
895,3.0
896,3.4
897,2.0
898,3.2
899,2.0
900,3.57
901,2.44
902,3.27
903,4.0
904,3.33
905,3.69
906,0.5
907,2.59
908,4.0
909,0.0
910,2.0
911,3.84
912,3.77
913,3.0
914,3.0
915,4.0
916,3.8
917,3.8
918,3.0
919,2.0
920,0.69
921,3.77
922,2.0
923,2.67
924,3.33
925,3.14
926,2.5
927,2.0
928,3.0
929,3.0
930,3.5
931,2.5
932,2.65
933,3.4
934,4.0
935,2.25
936,1.8
937,4.0
938,2.8
939,3.5
940,3.25
941,4.0
942,3.0
943,4.0
944,3.44
945,2.5
946,3.38
947,2.5
948,2.5
949,3.75
950,3.0
951,1.92
952,2.69
953,4.0
954,3.27
955,2.8
956,3.5
957,1.83
958,3.5
959,3.8
960,3.17
961,2.77
962,1.0
963,3.31
964,4.0
965,2.5
966,2.47
967,3.0
968,4.0
969,2.58
970,3.79
971,3.27
972,2.0
973,3.6
974,0.0
975,3.33
976,4.0
977,3.45
978,3.0
979,1.92
980,2.36
981,3.81
982,2.0
983,3.0
984,2.5
985,3.0
986,3.0
987,3.5
988,3.56
989,3.33
990,4.0
991,2.43
992,3.33
993,2.15
994,2.86
995,2.75
996,1.81
997,4.0
998,4.0
999,4.0
1000,3.6
1001,1.8
1002,3.15
1003,2.0
1004,3.77
1005,1.86
1006,3.6
1007,3.0
1008,4.0
1009,1.5
1010,3.8
1011,3.33
1012,3.33
1013,3.4
1014,0.0
1015,0.0
1016,4.0
1017,1.94
1018,3.6
1019,0.0
1020,0.88
1021,3.5
1022,3.26
1023,0.0
1024,3.5
1025,3.43
1026,1.14
1027,3.0
1028,2.33
1029,1.6
1030,3.07
1031,1.0
1032,3.25
1033,2.3
1034,3.57
1035,2.5
1036,4.0
1037,3.0
1038,0.0
1039,2.5
1040,1.25
1041,3.0
1042,3.33
1043,0.2
1044,4.0
1045,4.0
1046,2.75
1047,0.6
1048,4.0
1049,3.0
1050,3.08
1051,3.0
1052,2.5
1053,3.0
1054,2.0
1055,2.0
1056,1.75
1057,3.0
1058,4.0
1059,4.0
1060,3.5
1061,3.08
1062,4.0
1063,3.0
1064,3.75
1065,3.81
1066,2.47
1067,3.2
1068,3.25
1069,2.5
1070,4.0
1071,2.77
1072,4.0
1073,2.27
1074,3.0
1075,2.64
1076,3.0
1077,3.8
1078,2.8
1079,3.0
1080,1.0
1081,2.75
1082,0.0
1083,3.6
1084,3.25
1085,3.36
1086,4.0
1087,4.0
1088,4.0
1089,2.0
1090,3.5
1091,0.43
1092,3.25
1093,1.75
1094,4.0
1095,4.0
1096,0.33
1097,3.0
1098,3.0
1099,3.5
1100,3.69
1101,3.33
1102,1.87
1103,3.64
1104,1.75
1105,4.0
1106,3.69
1107,0.0
1108,4.0
1109,2.33
1110,3.33
1111,2.23
1112,3.43
1113,4.0
1114,3.25
1115,2.67
1116,4.0
1117,2.5
1118,1.5
1119,3.81
1120,4.0
1121,3.67
1122,1.5
1123,4.0
1124,2.33
1125,1.62
1126,1.0
1127,1.5
1128,3.0
1129,4.0
1130,4.0
1131,2.6
1132,3.73
1133,1.8
1134,3.53
1135,4.0
1136,2.0
1137,3.47
1138,3.46
1139,2.5
1140,3.56
1141,4.0
1142,3.2
1143,2.67
1144,3.0
1145,2.0
1146,0.8
1147,4.0
1148,3.0
1149,3.6
1150,3.4
1151,4.0
1152,3.75
1153,3.23
1154,2.92
1155,3.0
1156,2.62
1157,3.56
1158,3.5
1159,3.59
1160,4.0
1161,4.0
1162,3.0
1163,2.5
1164,2.0
1165,3.63
1166,3.0
1167,2.88
1168,1.25
1169,3.69
1170,3.6
1171,3.0
1172,3.92
1173,2.25
1174,1.25
1175,1.5
1176,3.0
1177,3.5
1178,3.18
1179,3.71
1180,4.0
1181,2.77
1182,4.0
1183,4.0
1184,1.75
1185,3.33
1186,1.0
1187,0.0
1188,2.75
1189,3.5
1190,2.5
1191,0.33
1192,4.0
1193,2.8
1194,3.5
1195,3.0
1196,4.0
1197,3.0
1198,4.0
1199,3.5
1200,0.0
1201,2.4
1202,1.75
1203,4.0
1204,3.0
1205,3.19
1206,2.86
1207,4.0
1208,3.5
1209,3.31
1210,4.0
1211,3.0
1212,4.0
1213,2.33
1214,3.75
1215,1.5
1216,3.79
1217,3.4
1218,3.4
1219,3.33
1220,1.8
1221,3.0
1222,2.56
1223,3.4
1224,0.86
1225,2.0
1226,3.25
1227,2.85
1228,4.0
1229,4.0
1230,3.8
1231,2.6
1232,1.0
1233,3.0
1234,3.83
1235,4.0
1236,2.2
1237,2.77
1238,3.0
1239,0.0
1240,3.5
1241,2.0
1242,3.07
1243,3.33
1244,2.5
1245,3.75
1246,3.77
1247,3.5
1248,3.25
1249,4.0
1250,2.5
1251,4.0
1252,3.0
1253,2.75
1254,3.19
1255,3.81
1256,2.0
1257,2.25
1258,1.25
1259,4.0
1260,3.8
1261,4.0
1262,1.0
1263,2.33
1264,2.36
1265,3.5
1266,3.46
1267,3.0
1268,4.0
1269,4.0
1270,3.0
1271,1.5
1272,3.6
1273,1.64
1274,2.69
1275,4.0
1276,3.75
1277,1.25
1278,3.45
1279,4.0
1280,4.0
1281,3.19
1282,2.43
1283,3.78
1284,3.31
1285,3.0
1286,4.0
1287,3.76
1288,0.0
1289,1.92
1290,4.0
1291,2.85
1292,2.33
1293,0.77
1294,0.0
1295,4.0
1296,3.31
1297,1.85
1298,2.0
1299,4.0
1300,0.0
1301,2.54
1302,4.0
1303,2.4
1304,4.0
1305,4.0
1306,4.0
1307,2.75
1308,4.0
1309,3.33
1310,3.8
1311,3.0
1312,3.0
1313,3.79
1314,3.47
1315,3.08
1316,3.77
1317,0.0
1318,2.5
1319,3.5
1320,4.0
1321,1.67
1322,2.5
1323,3.63
1324,3.5
1325,4.0
1326,3.46
1327,4.0
1328,4.0
1329,3.43
1330,4.0
1331,3.14
1332,3.5
1333,2.8
1334,4.0
1335,3.17
1336,3.5
1337,2.5
1338,3.63
1339,3.4
1340,3.33
1341,1.0
1342,3.13
1343,4.0
1344,2.67
1345,2.36
1346,3.15
1347,2.77
1348,2.64
1349,3.17
1350,1.5
1351,0.0
1352,2.0
1353,3.0
1354,0.0
1355,1.4
1356,2.36
1357,1.7
1358,1.5
1359,2.67
1360,4.0
1361,2.2
1362,1.11
1363,3.81
1364,0.0
1365,2.45
1366,3.59
1367,3.5
1368,3.33
1369,3.81
1370,4.0
1371,2.38
1372,3.2
1373,3.0
1374,2.81
1375,4.0
1376,3.4
1377,3.25
1378,2.87
1379,3.67
1380,2.0
1381,2.0
1382,3.0
1383,3.65
1384,3.0
1385,3.81
1386,2.38
1387,3.0
1388,2.88
1389,2.6
1390,3.8
1391,3.08
1392,1.85
1393,0.8
1394,3.4
1395,1.5
1396,3.0
1397,1.71
1398,0.0
1399,3.69
1400,2.5
1401,4.0
1402,3.75
1403,2.54
1404,4.0
1405,2.5
1406,3.65
1407,2.8
1408,4.0
1409,4.0
1410,4.0
1411,2.0
1412,3.23
1413,3.0
1414,4.0
1415,4.0
1416,1.1
1417,3.2
1418,3.6
1419,4.0
1420,4.0
1421,3.77
1422,2.8
1423,2.0
1424,3.2
1425,4.0
1426,3.44
1427,1.5
1428,3.5
1429,3.81
1430,3.0
1431,3.29
1432,2.0
1433,3.25
1434,3.5
1435,2.06
1436,1.0
1437,3.81
1438,4.0
1439,3.47
1440,3.75
1441,1.75
1442,0.0
1443,3.0
1444,4.0
1445,0.0
1446,4.0
1447,3.63
1448,4.0
1449,4.0
1450,2.41
1451,3.8
1452,3.0
1453,3.67
1454,4.0
1455,4.0
1456,1.0
1457,2.6
1458,2.25
1459,1.56
1460,1.33
1461,3.5
1462,4.0
1463,2.57
1464,2.46
1465,3.75
1466,1.44
1467,3.0
1468,2.67
1469,2.46
1470,4.0
1471,2.69
1472,0.0
1473,4.0
1474,3.77
1475,3.77
1476,1.69
1477,4.0
1478,4.0
1479,2.81
1480,2.69
1481,1.38
1482,2.6
1483,2.41
1484,2.69
1485,3.0
1486,4.0
1487,2.75
1488,2.5
1489,4.0
1490,2.6
1491,2.5
1492,1.33
1493,4.0
1494,0.0
1495,3.08
1496,2.63
1497,0.0
1498,2.67
1499,3.5
1500,4.0
1501,2.6
1502,3.0
1503,2.6
1504,3.5
1505,2.08
1506,2.59
1507,2.41
1508,3.23
1509,2.67
1510,2.15
1511,0.0
1512,2.5
1513,2.0
1514,4.0
1515,4.0
1516,2.75
1517,4.0
1518,1.0
1519,2.2
1520,2.0
1521,2.75
1522,0.33
1523,2.6
1524,0.0
1525,3.0
1526,4.0
1527,3.5
1528,0.0
1529,3.0
1530,2.69
1531,4.0
1532,4.0
1533,3.23
1534,4.0
1535,4.0
1536,4.0
1537,2.75
1538,3.4
1539,3.69
1540,2.64
1541,2.83
1542,3.0
1543,2.0
1544,4.0
1545,2.92
1546,4.0
1547,4.0
1548,3.0
1549,3.0
1550,1.6
1551,2.6
1552,3.33
1553,2.33
1554,4.0
1555,4.0
1556,2.0
1557,3.0
1558,4.0
1559,1.92
1560,3.36
1561,2.0
1562,2.86
1563,3.08
1564,3.6
1565,3.0
1566,3.38
1567,0.0
1568,3.36
1569,4.0
1570,3.0
1571,3.0
1572,4.0
1573,2.0
1574,3.67
1575,3.23
1576,2.0
1577,1.0
1578,1.6
1579,1.5
1580,4.0
1581,4.0
1582,1.63
1583,4.0
1584,1.0
1585,3.29
1586,2.0
1587,3.75
1588,0.0
1589,3.53
1590,1.69
1591,3.4
1592,0.0
1593,1.2
1594,2.57
1595,3.5
1596,2.63
1597,3.75
1598,1.77
1599,2.82
1600,2.68
1601,1.6
1602,0.0
1603,4.0
1604,0.0
1605,3.83
1606,3.75
1607,3.0
1608,3.0
1609,3.8
1610,4.0
1611,3.31
1612,4.0
1613,2.25
1614,2.47
1615,2.38
1616,3.0
1617,0.0
1618,2.25
1619,2.25
1620,2.83
1621,1.69
1622,4.0
1623,3.25
1624,1.4
1625,2.33
1626,1.62
1627,3.14
1628,4.0
1629,4.0
1630,3.0
1631,3.5
1632,2.67
1633,3.23
1634,2.4
1635,3.69
1636,3.79
1637,4.0
1638,2.0
1639,3.83
1640,2.0
1641,3.33
1642,3.2
1643,1.87
1644,2.83
1645,3.8
1646,3.33
1647,3.2
1648,1.85
1649,3.25
1650,2.94
1651,2.87
1652,3.08
1653,4.0
1654,4.0
1655,4.0
1656,4.0
1657,2.81
1658,3.5
1659,4.0
1660,3.29
1661,1.46
1662,3.6
1663,2.59
1664,3.8
1665,1.5
1666,3.6
1667,0.5
1668,3.38
1669,1.93
1670,0.0
1671,4.0
1672,3.53
1673,4.0
1674,4.0
1675,0.0
1676,3.6
1677,3.33
1678,2.54
1679,2.73
1680,2.38
1681,3.25
1682,4.0
1683,4.0
1684,2.75
1685,1.75
1686,3.86
1687,4.0
1688,3.0
1689,2.46
1690,2.33
1691,2.25
1692,4.0
1693,2.0
1694,3.5
1695,4.0
1696,3.44
1697,3.0
1698,3.77
1699,2.77
1700,2.67
1701,3.5
1702,4.0
1703,4.0
1704,3.8
1705,2.5
1706,3.15
1707,4.0
1708,1.67
1709,2.8
1710,2.86
1711,0.0
1712,2.3
1713,3.0
1714,2.0
1715,2.6
1716,3.25
1717,3.5
1718,3.0
1719,2.5
1720,3.0
1721,3.39
1722,0.0
1723,3.6
1724,3.75
1725,3.42
1726,3.81
1727,2.5
1728,3.17
1729,3.08
1730,3.0
1731,3.0
1732,4.0
1733,2.0
1734,3.33
1735,3.46
1736,3.57
1737,2.0
1738,2.13
1739,2.8
1740,3.2
1741,3.2
1742,2.15
1743,2.82
1744,3.81
1745,3.0
1746,3.07
1747,3.2
1748,1.38
1749,4.0
1750,1.23
1751,3.5
1752,3.44
1753,3.79
1754,3.19
1755,2.15
1756,3.0
1757,4.0
1758,3.0
1759,3.57
1760,2.0
1761,3.0
1762,2.67
1763,4.0
1764,2.0
1765,3.57
1766,3.2
1767,4.0
1768,0.25
1769,1.7
1770,3.75
1771,3.31
1772,3.6
1773,0.0
1774,4.0
1775,2.57
1776,0.0
1777,3.25
1778,1.57
1779,3.2
1780,4.0
1781,3.0
1782,2.69
1783,2.5
1784,4.0
1785,1.0
1786,3.8
1787,3.33
1788,3.75
1789,3.25
1790,3.5
1791,4.0
1792,3.0
1793,3.5
1794,1.5
1795,3.0
1796,4.0
1797,3.18
1798,1.83
1799,3.0
1800,4.0
1801,3.75
1802,3.0
1803,1.46
1804,4.0
1805,3.54
1806,3.38
1807,3.0
1808,2.07
1809,2.6
1810,1.0
1811,4.0
1812,1.0
1813,3.5
1814,2.91
1815,4.0
1816,2.0
1817,0.0
1818,3.79
1819,2.23
1820,4.0
1821,3.19
1822,3.0
1823,4.0
1824,2.25
1825,2.0
1826,2.62
1827,4.0
1828,3.25
1829,0.0
1830,4.0
1831,3.76
1832,4.0
1833,3.0
1834,2.25
1835,1.5
1836,3.0
1837,3.75
1838,3.5
1839,3.69
1840,3.5
1841,3.4
1842,3.69
1843,3.23
1844,2.67
1845,2.0
1846,3.25
1847,2.6
1848,2.23
1849,3.65
1850,2.29
1851,3.71
1852,3.25
1853,3.0
1854,3.33
1855,2.6
1856,3.33
1857,4.0
1858,4.0
1859,3.4
1860,2.0
1861,4.0
1862,3.75
1863,4.0
1864,2.75
1865,1.0
1866,4.0
1867,2.0
1868,1.75
1869,4.0
1870,3.5
1871,1.0
1872,3.0
1873,2.0
1874,2.0
1875,3.63
1876,3.4
1877,3.33
1878,3.53
1879,3.0
1880,2.06
1881,2.0
1882,0.69
1883,1.0
1884,2.36
1885,3.56
1886,1.62
1887,3.75
1888,2.0
1889,3.75
1890,0.0
1891,0.0
1892,3.5
1893,3.0
1894,0.0
1895,2.0
1896,4.0
1897,3.75
1898,3.0
1899,3.5
1900,1.33
1901,2.0
1902,4.0
1903,3.17
1904,1.33
1905,4.0
1906,2.5
1907,4.0
1908,3.0
1909,3.5
1910,4.0
1911,2.9
1912,3.3
1913,3.0
1914,1.5
1915,4.0
1916,4.0
1917,1.5
1918,4.0
1919,3.77
1920,4.0
1921,2.0
1922,1.0
1923,3.92
1924,2.0
1925,3.5
1926,4.0
1927,3.0
1928,3.69
1929,3.5
1930,2.86
1931,3.77
1932,4.0
1933,4.0
1934,3.0
1935,3.43
1936,2.23
1937,3.46
1938,0.67
1939,3.0
1940,3.56
1941,4.0
1942,4.0
1943,3.62
1944,1.88
1945,3.0
1946,2.5
1947,4.0
1948,1.8
1949,4.0
1950,2.4
1951,3.14
1952,3.25
1953,3.36
1954,2.6
1955,3.67
1956,2.75
1957,2.0
1958,4.0
1959,3.75
1960,3.5
1961,0.0
1962,1.83
1963,2.75
1964,2.75
1965,2.67
1966,2.0
1967,3.38
1968,2.5
1969,2.67
1970,3.8
1971,1.69
1972,1.33
1973,1.21
1974,3.7
1975,4.0
1976,3.67
1977,3.79
1978,2.0
1979,2.15
1980,3.0
1981,2.8
1982,4.0
1983,4.0
1984,2.0
1985,4.0
1986,3.8
1987,2.92
1988,3.67
1989,0.0
1990,2.6
1991,0.0
1992,3.8
1993,3.83
1994,3.43
1995,3.46
1996,3.21
1997,3.43
1998,3.75
1999,3.0
2000,2.4
2001,2.0
2002,3.36
2003,2.6
2004,0.0
2005,3.79
2006,2.67
2007,3.13
2008,2.0
2009,3.5
2010,3.5
2011,3.2
2012,2.0
2013,1.7
2014,2.0
2015,4.0
2016,2.0
2017,2.23
2018,3.0
2019,3.38
2020,3.4
2021,3.44
2022,3.65
2023,2.75
2024,3.38
2025,3.73
2026,4.0
2027,3.5
2028,3.0
2029,4.0
2030,4.0
2031,4.0
2032,4.0
2033,4.0
2034,3.33
2035,3.0
2036,1.25
2037,3.6
2038,4.0
2039,3.77
2040,3.4
2041,2.56
2042,3.69
2043,4.0
2044,2.09
2045,3.79
2046,2.08
2047,2.94
2048,3.58
2049,4.0
2050,2.14
2051,3.25
2052,4.0
2053,4.0
2054,4.0
2055,4.0
2056,3.0
2057,3.7
2058,3.6
2059,3.8
2060,0.87
2061,1.4
2062,0.0
2063,0.0
2064,4.0
2065,2.31
2066,2.5
2067,3.81
2068,2.0
2069,1.67
2070,2.92
2071,3.43
2072,3.0
2073,4.0
2074,3.5
2075,4.0
2076,0.0
2077,2.5
2078,2.69
2079,3.0
2080,2.92
2081,2.25
2082,3.75
2083,4.0
2084,4.0
2085,2.83
2086,3.0
2087,1.67
2088,4.0
2089,2.7
2090,3.4
2091,3.84
2092,3.6
2093,2.91
2094,4.0
2095,4.0
2096,4.0
2097,3.5
2098,0.0
2099,3.33
2100,1.33
2101,1.93
2102,4.0
2103,3.2
2104,2.8
2105,3.0
2106,4.0
2107,3.5
2108,2.0
2109,2.75
2110,4.0
2111,1.8
2112,2.64
2113,4.0
2114,2.79
2115,2.85
2116,2.0
2117,2.08
2118,2.0
2119,2.5
2120,1.33
2121,0.0
2122,3.0
2123,3.8
2124,3.4
2125,4.0
2126,2.33
2127,3.69
2128,2.75
2129,3.81
2130,3.25
2131,2.3
2132,0.4
2133,3.0
2134,3.6
2135,3.5
2136,3.5
2137,4.0
2138,4.0
2139,3.25
2140,0.0
2141,1.09
2142,3.0
2143,3.6
2144,3.0
2145,2.43
2146,2.69
2147,3.73
2148,4.0
2149,3.46
2150,4.0
2151,1.77
2152,3.67
2153,3.75
2154,3.5
2155,0.0
2156,0.0
2157,2.0
2158,3.0
2159,2.0
2160,3.0
2161,2.62
2162,3.07
2163,4.0
2164,3.0
2165,3.8
2166,0.54
2167,1.8
2168,3.75
2169,4.0
2170,2.4
2171,4.0
2172,3.0
2173,1.25
2174,2.62
2175,2.38
2176,1.92
2177,3.5
2178,3.5
2179,3.0
2180,2.67
2181,2.71
2182,2.0
2183,4.0
2184,2.79
2185,3.2
2186,4.0
2187,3.53
2188,4.0
2189,2.38
2190,4.0
2191,3.0
2192,1.8
2193,3.65
2194,4.0
2195,2.0
2196,3.2
2197,0.86
2198,4.0
2199,0.0
2200,0.0
2201,3.31
2202,4.0
2203,3.0
2204,3.13
2205,2.0
2206,3.3
2207,3.0
2208,2.18
2209,3.75
2210,3.2
2211,1.5
2212,3.67
2213,3.75
2214,3.4
2215,4.0
2216,3.5
2217,1.29
2218,3.75
2219,4.0
2220,4.0
2221,4.0
2222,1.92
2223,3.0
2224,1.0
2225,2.0
2226,0.79
2227,2.87
2228,2.29
2229,3.6
2230,3.21
2231,3.7
2232,2.5
2233,2.15
2234,4.0
2235,3.5
2236,2.8
2237,3.25
2238,3.0
2239,0.0
2240,3.35
2241,2.0
2242,2.5
2243,2.6
2244,3.25
2245,2.93
2246,2.5
2247,4.0
2248,3.82
2249,3.43
2250,4.0
2251,0.0
2252,3.2
2253,2.81
2254,2.73
2255,3.9
2256,4.0
2257,3.38
2258,4.0
2259,2.0
2260,2.38
2261,1.75
2262,3.23
2263,2.6
2264,1.67
2265,2.67
2266,3.8
2267,3.25
2268,2.0
2269,3.44
2270,3.4
2271,4.0
2272,3.0
2273,3.45
2274,4.0
2275,2.6
2276,0.8
2277,3.33
2278,1.19
2279,4.0
2280,3.5
2281,2.25
2282,3.53
2283,2.0
2284,3.0
2285,3.0
2286,2.31
2287,4.0
2288,3.2
2289,4.0
2290,3.0
2291,0.6
2292,3.25
2293,3.81
2294,2.31
2295,2.43
2296,4.0
2297,4.0
2298,0.5
2299,2.33
2300,3.2
2301,1.0
2302,3.81
2303,4.0
2304,2.5
2305,2.0
2306,3.69
2307,4.0
2308,2.23
2309,3.69
2310,2.63
2311,4.0
2312,2.6
2313,3.0
2314,3.15
2315,0.0
2316,3.56
2317,4.0
2318,3.4
2319,3.0
2320,4.0
2321,3.0
2322,3.75
2323,2.25
2324,1.64
2325,3.2
2326,4.0
2327,3.8
2328,3.5
2329,4.0
2330,4.0
2331,3.5
2332,3.75
2333,2.25
2334,3.0
2335,2.92
2336,2.62
2337,4.0
2338,1.5
2339,3.5
2340,0.0
2341,2.83
2342,2.25
2343,3.23
2344,2.33
2345,3.33
2346,4.0
2347,2.0
2348,4.0
2349,3.54
2350,2.0
2351,4.0
2352,3.0
2353,3.0
2354,4.0
2355,2.5
2356,3.4
2357,3.5
2358,1.94
2359,1.4
2360,2.0
2361,3.67
2362,3.06
2363,2.4
2364,4.0
2365,3.2
2366,0.75
2367,3.0
2368,3.4
2369,4.0
2370,3.63
2371,3.65
2372,3.36
2373,0.5
2374,3.0
2375,4.0
2376,3.8
2377,1.46
2378,3.0
2379,1.42
2380,0.0
2381,1.81
2382,1.92
2383,2.55
2384,2.31
2385,2.25
2386,4.0
2387,4.0
2388,3.25
2389,1.33
2390,4.0
2391,4.0
2392,2.25
2393,4.0
2394,0.0
2395,4.0
2396,2.93
2397,3.0
2398,1.0
2399,3.15
2400,3.19
2401,2.0
2402,3.69
2403,4.0
2404,3.15
2405,3.4
2406,0.0
2407,3.0
2408,3.25
2409,0.25
2410,2.31
2411,3.8
2412,1.5
2413,3.27
2414,2.15
2415,1.25
2416,0.0
2417,3.08
2418,4.0
2419,4.0
2420,4.0
2421,1.0
2422,0.0
2423,3.0
2424,2.47
2425,2.0
2426,4.0
2427,3.43
2428,3.5
2429,2.75
2430,2.14
2431,2.88
2432,3.75
2433,4.0
2434,3.31
2435,0.0
2436,2.69
2437,3.0
2438,2.8
2439,3.0
2440,2.5
2441,4.0
2442,0.0
2443,3.8
2444,4.0
2445,1.31
2446,2.5
2447,2.29
2448,3.67
2449,3.0
2450,1.5
2451,3.8
2452,3.25
2453,1.5
2454,3.0
2455,3.0
2456,3.17
2457,2.14
2458,2.31
2459,4.0
2460,3.75
2461,3.81
2462,3.8
2463,1.67
2464,2.25
2465,3.75
2466,4.0
2467,3.4
2468,3.38
2469,3.3
2470,2.15
2471,2.4
2472,2.0
2473,1.0
2474,3.25
2475,2.36
2476,4.0
2477,3.46
2478,2.5
2479,3.08
2480,3.5
2481,2.54
2482,3.08
2483,3.75
2484,1.93
2485,3.5
2486,4.0
2487,3.67
2488,2.0
2489,4.0
2490,2.62
2491,2.5
2492,1.46
2493,3.0
2494,3.33
2495,4.0
2496,2.38
2497,3.5
2498,3.0
2499,2.88
2500,3.79
2501,2.44
2502,1.33
2503,2.75
2504,3.25
2505,2.7
2506,3.33
2507,3.63
2508,3.5
2509,4.0
2510,0.54
2511,4.0
2512,2.5
2513,3.8
2514,2.6
2515,3.2
2516,4.0
2517,3.08
2518,4.0
2519,2.38
2520,4.0
2521,3.2
2522,0.5
2523,4.0
2524,4.0
2525,4.0
2526,3.46
2527,3.57
2528,2.08
2529,2.5
2530,2.77
2531,3.0
2532,3.43
2533,1.5
2534,3.33
2535,2.8
2536,4.0
2537,4.0
2538,4.0
2539,3.44
2540,2.69
2541,3.0
2542,4.0
2543,4.0
2544,4.0
2545,2.0
2546,2.25
2547,4.0
2548,4.0
2549,3.0
2550,2.5
2551,3.2
2552,0.5
2553,3.75
2554,0.0
2555,0.2
2556,3.77
2557,2.0
2558,3.5
2559,4.0
2560,3.8
2561,4.0
2562,4.0
2563,3.75
2564,4.0
2565,3.33
2566,3.6
2567,2.27
2568,4.0
2569,3.0
2570,3.0
2571,3.6
2572,3.57
2573,4.0
2574,2.0
2575,3.0
2576,3.25
2577,4.0
2578,1.0
2579,2.15
2580,2.71
2581,2.25
2582,2.94
2583,3.47
2584,3.2
2585,3.6
2586,3.31
2587,3.8
2588,3.4
2589,2.0
2590,3.7
2591,2.5
2592,3.47
2593,2.0
2594,2.92
2595,2.5
2596,2.4
2597,3.07
2598,2.2
2599,3.0
2600,4.0
2601,3.46
2602,4.0
2603,0.0
2604,3.38
2605,2.5
2606,2.8
2607,4.0
2608,3.77
2609,3.0
2610,3.12
2611,4.0
2612,2.88
2613,3.8
2614,4.0
2615,4.0
2616,1.93
2617,3.2
2618,2.67
2619,4.0
2620,3.0
2621,3.15
2622,3.63
2623,3.0
2624,3.0
2625,1.92
2626,3.06
2627,1.85
2628,3.0
2629,2.8
2630,2.46
2631,3.69
2632,3.77
2633,2.94
2634,3.69
2635,4.0
2636,2.09
2637,2.33
2638,3.83
2639,3.77
2640,3.0
2641,3.0
2642,1.75
2643,2.86
2644,4.0
2645,1.5
2646,1.5
2647,2.92
2648,3.73
2649,3.0
2650,4.0
2651,3.0
2652,2.5
2653,0.0
2654,3.77
2655,0.33
2656,4.0
2657,2.78
2658,3.94
2659,4.0
2660,0.0
2661,2.8
2662,4.0
2663,2.69
2664,3.15
2665,3.0
2666,3.23
2667,2.92
2668,1.33
2669,3.1
2670,3.23
2671,3.0
2672,4.0
2673,4.0
2674,2.5
2675,3.68
2676,3.77
2677,3.42
2678,3.0
2679,4.0
2680,3.81
2681,3.0
2682,3.25
2683,4.0
2684,2.67
2685,3.2
2686,2.75
2687,1.36
2688,3.75
2689,2.75
2690,4.0
2691,3.2
2692,2.13
2693,4.0
2694,3.63
2695,4.0
2696,2.88
2697,3.0
2698,0.58
2699,4.0
2700,2.67
2701,2.8
2702,3.08
2703,4.0
2704,3.77
2705,0.91
2706,3.8
2707,2.4
2708,3.53
2709,3.67
2710,4.0
2711,3.93
2712,2.06
2713,4.0
2714,3.0
2715,2.0
2716,3.19
2717,2.4
2718,2.5
2719,1.58
2720,4.0
2721,3.0
2722,3.0
2723,3.23
2724,3.15
2725,4.0
2726,3.0
2727,4.0
2728,2.13
2729,2.0
2730,3.0
2731,3.5
2732,3.6
2733,4.0
2734,4.0
2735,0.0
2736,3.65
2737,2.0
2738,2.38
2739,2.89
2740,0.0
2741,2.4
2742,2.08
2743,1.25
2744,0.25
2745,3.43
2746,4.0
2747,2.21
2748,3.0
2749,3.6
2750,4.0
2751,2.8
2752,0.75
2753,3.2
2754,3.57
2755,4.0
2756,4.0
2757,2.0
2758,3.0
2759,4.0
2760,0.4
2761,3.28
2762,3.0
2763,4.0
2764,3.0
2765,3.0
2766,1.5
2767,2.67
2768,4.0
2769,2.0
2770,2.91
2771,3.2
2772,0.67
2773,2.6
2774,3.46
2775,3.0
2776,4.0
2777,4.0
2778,4.0
2779,3.54
2780,3.83
2781,3.07
2782,2.5
2783,1.75
2784,4.0
2785,3.44
2786,3.0
2787,3.33
2788,1.57
2789,2.75
2790,2.0
2791,2.67
2792,1.67
2793,4.0
2794,3.25
2795,3.0
2796,4.0
2797,0.4
2798,4.0
2799,3.5
2800,2.15
2801,3.73
2802,1.0
2803,3.62
2804,0.75
2805,1.5
2806,2.55
2807,3.5
2808,2.67
2809,4.0
2810,3.0
2811,4.0
2812,1.25
2813,3.0
2814,4.0
2815,4.0
2816,4.0
2817,3.19
2818,2.5
2819,1.94
2820,2.0
2821,2.81
2822,2.59
2823,2.67
2824,1.33
2825,1.27
2826,3.0
2827,3.0
2828,2.2
2829,2.75
2830,4.0
2831,3.25
2832,2.75
2833,2.25
2834,2.5
2835,3.5
2836,3.18
2837,3.77
2838,2.6
2839,2.0
2840,2.42
2841,3.8
2842,4.0
2843,4.0
2844,3.0
2845,3.81
2846,4.0
2847,0.0
2848,2.4
2849,1.0
2850,3.36
2851,0.0
2852,3.67
2853,2.15
2854,2.6
2855,2.88
2856,2.5
2857,1.0
2858,4.0
2859,2.25
2860,1.9
2861,2.5
2862,3.25
2863,3.0
2864,3.0
2865,3.31
2866,3.6
2867,2.0
2868,4.0
2869,3.67
2870,2.92
2871,3.0
2872,3.5
2873,4.0
2874,4.0
2875,3.43
2876,0.38
2877,3.31
2878,1.5
2879,3.0
2880,2.0
2881,3.5
2882,0.0
2883,3.57
2884,3.64
2885,4.0
2886,3.17
2887,1.0
2888,3.33
2889,1.67
2890,2.6
2891,2.38
2892,3.67
2893,2.17
2894,3.0
2895,4.0
2896,3.75
2897,1.9
2898,4.0
2899,3.57
2900,3.0
2901,3.7
2902,4.0
2903,3.57
2904,4.0
2905,4.0
2906,2.0
2907,3.8
2908,2.29
2909,3.54
2910,3.18
2911,0.0
2912,3.63
2913,4.0
2914,3.5
2915,3.5
2916,4.0
2917,4.0
2918,3.25
2919,2.75
2920,4.0
2921,3.23
2922,3.0
2923,3.4
2924,1.5
2925,3.08
2926,3.0
2927,3.0
2928,3.19
2929,4.0
2930,2.0
2931,4.0
2932,3.0
2933,3.6
2934,4.0
2935,3.63
2936,4.0
2937,2.33
2938,3.6
2939,4.0
2940,3.75
2941,3.5
2942,3.75
2943,2.54
2944,3.33
2945,1.5
2946,2.78
2947,3.0
2948,1.75
2949,2.75
2950,3.2
2951,3.6
2952,3.23
2953,3.84
2954,3.6
2955,0.0
2956,2.5
2957,4.0
2958,2.53
2959,2.4
2960,4.0
2961,4.0
2962,2.14
2963,1.38
2964,2.54
2965,2.85
2966,3.31
2967,3.0
2968,4.0
2969,3.2
2970,3.2
2971,4.0
2972,3.5
2973,2.21
2974,3.5
2975,3.31
2976,3.25
2977,2.73
2978,3.8
2979,2.33
2980,3.0
2981,2.46
2982,3.29
2983,3.6
2984,2.0
2985,3.08
2986,2.33
2987,3.45
2988,2.63
2989,2.71
2990,2.5
2991,1.75
2992,3.4
2993,2.5
2994,3.0
2995,2.75
2996,3.2
2997,3.8
2998,3.5
2999,4.0
3000,2.2
3001,3.1
3002,3.0
3003,4.0
3004,3.23
3005,2.25
3006,3.67
3007,2.6
3008,3.7
3009,3.77
3010,2.8
3011,3.31
3012,3.8
3013,3.0
3014,3.5
3015,3.0
3016,4.0
3017,4.0
3018,2.8
3019,2.67
3020,1.5
3021,1.27
3022,3.75
3023,3.0
3024,4.0
3025,0.0
3026,2.88
3027,2.0
3028,2.93
3029,4.0
3030,3.0
3031,3.8
3032,2.75
3033,0.0
3034,0.0
3035,1.89
3036,3.25
3037,1.5
3038,4.0
3039,2.64
3040,3.8
3041,3.75
3042,3.33
3043,2.92
3044,3.63
3045,2.33
3046,2.67
3047,2.62
3048,2.19
3049,2.43
3050,1.6
3051,3.5
3052,0.5
3053,3.2
3054,2.8
3055,3.59
3056,3.0
3057,2.33
3058,2.32
3059,3.0
3060,3.31
3061,4.0
3062,3.37
3063,3.5
3064,4.0
3065,2.75
3066,3.2
3067,2.71
3068,2.77
3069,2.4
3070,3.35
3071,4.0
3072,3.0
3073,1.8
3074,4.0
3075,2.31
3076,3.12
3077,2.31
3078,3.29
3079,2.75
3080,3.5
3081,3.0
3082,1.75
3083,2.0
3084,2.08
3085,3.25
3086,2.75
3087,3.46
3088,3.08
3089,4.0
3090,3.38
3091,3.14
3092,3.53
3093,2.0
3094,3.6
3095,0.5
3096,4.0
3097,4.0
3098,4.0
3099,1.5
3100,1.33
3101,3.06
3102,3.0
3103,1.83
3104,2.4
3105,4.0
3106,2.9
3107,1.29
3108,2.18
3109,0.75
3110,4.0
3111,4.0
3112,3.0
3113,3.14
3114,3.0
3115,3.38
3116,3.0
3117,3.79
3118,3.0
3119,2.5
3120,3.0
3121,0.0
3122,3.84
3123,4.0
3124,3.14
3125,3.0
3126,3.0
3127,3.0
3128,4.0
3129,1.8
3130,2.43
3131,3.15
3132,2.54
3133,3.86
3134,0.67
3135,3.5
3136,2.81
3137,0.0
3138,2.5
3139,3.13
3140,3.7
3141,4.0
3142,3.14
3143,4.0
3144,3.15
3145,2.5
3146,3.5
3147,4.0
3148,3.0
3149,3.0
3150,4.0
3151,4.0
3152,1.69
3153,2.85
3154,2.0
3155,2.0
3156,1.0
3157,3.5
3158,2.6
3159,4.0
3160,4.0
3161,2.75
3162,4.0
3163,4.0
3164,3.25
3165,4.0
3166,3.38
3167,3.5
3168,2.0
3169,2.7
3170,0.46
3171,4.0
3172,4.0
3173,1.88
3174,3.91
3175,2.54
3176,3.94
3177,1.2
3178,3.0
3179,1.5
3180,3.31
3181,2.76
3182,4.0
3183,3.77
3184,3.0
3185,4.0
3186,3.5
3187,1.5
3188,0.92
3189,4.0
3190,2.94
3191,2.5
3192,2.54
3193,4.0
3194,4.0
3195,4.0
3196,2.69
3197,3.2
3198,3.5
3199,1.5
3200,3.13
3201,3.5
3202,3.5
3203,3.5
3204,1.33
3205,4.0
3206,4.0
3207,3.08
3208,3.36
3209,3.0
3210,3.5
3211,3.31
3212,2.79
3213,0.69
3214,4.0
3215,3.8
3216,3.8
3217,3.59
3218,4.0
3219,3.75
3220,2.15
3221,2.47
3222,3.14
3223,2.75
3224,1.9
3225,3.47
3226,3.57
3227,2.0
3228,2.4
3229,3.0
3230,1.14
3231,4.0
3232,0.0
3233,3.0
3234,3.73
3235,0.0
3236,3.75
3237,2.56
3238,3.4
3239,2.6
3240,4.0
3241,4.0
3242,2.0
3243,2.6
3244,2.86
3245,2.0
3246,3.2
3247,4.0
3248,4.0
3249,4.0
3250,3.37
3251,3.0
3252,2.0
3253,3.0
3254,1.67
3255,3.0
3256,2.25
3257,3.8
3258,3.54
3259,3.4
3260,3.88
3261,2.5
3262,3.0
3263,2.5
3264,3.67
3265,4.0
3266,3.0
3267,3.8
3268,2.0
3269,2.0
3270,1.88
3271,4.0
3272,4.0
3273,2.0
3274,3.0
3275,3.0
3276,1.0
3277,3.31
3278,3.0
3279,3.75
3280,3.46
3281,2.88
3282,4.0
3283,3.0
3284,1.75
3285,3.33
3286,1.71
3287,4.0
3288,3.2
3289,2.77
3290,2.46
3291,2.0
3292,2.5
3293,2.31
3294,3.0
3295,4.0
3296,1.71
3297,0.0
3298,2.0
3299,3.43
3300,4.0
3301,2.38
3302,2.73
3303,1.75
3304,3.5
3305,4.0
3306,3.75
3307,3.6
3308,2.75
3309,1.46
3310,3.0
3311,1.23
3312,1.27
3313,4.0
3314,3.75
3315,2.67
3316,4.0
3317,2.84
3318,2.33
3319,3.0
3320,1.6
3321,4.0
3322,4.0
3323,2.54
3324,4.0
3325,3.0
3326,4.0
3327,1.0
3328,2.5
3329,2.38
3330,2.4
3331,3.0
3332,4.0
3333,4.0
3334,4.0
3335,4.0
3336,2.69
3337,4.0
3338,3.06
3339,3.0
3340,3.65
3341,0.57
3342,4.0
3343,3.0
3344,4.0
3345,1.15
3346,4.0
3347,3.63
3348,3.75
3349,1.85
3350,3.0
3351,3.0
3352,2.54
3353,3.0
3354,2.5
3355,4.0
3356,4.0
3357,2.23
3358,1.5
3359,1.75
3360,2.92
3361,2.5
3362,3.0
3363,3.0
3364,2.38
3365,3.47
3366,3.26
3367,3.0
3368,0.43
3369,3.5
3370,3.67
3371,3.25
3372,0.0
3373,3.2
3374,2.29
3375,2.2
3376,3.75
3377,3.0
3378,2.75
3379,2.31
3380,3.17
3381,4.0
3382,1.7
3383,4.0
3384,2.5
3385,4.0
3386,3.0
3387,2.0
3388,2.0
3389,3.33
3390,4.0
3391,3.67
3392,1.0
3393,4.0
3394,3.07
3395,4.0
3396,2.71
3397,3.67
3398,3.26
3399,0.0
3400,3.08
3401,2.86
3402,3.4
3403,3.83
3404,3.0
3405,1.67
3406,2.56
3407,3.0
3408,2.08
3409,2.6
3410,2.2
3411,0.69
3412,1.38
3413,2.14
3414,3.46
3415,2.86
3416,2.25
3417,3.31
3418,3.5
3419,3.4
3420,3.43
3421,3.84
3422,4.0
3423,4.0
3424,3.25
3425,3.4
3426,4.0
3427,2.0
3428,2.4
3429,3.75
3430,4.0
3431,3.25
3432,3.75
3433,4.0
3434,2.75
3435,3.56
3436,2.93
3437,3.2
3438,3.0
3439,3.81
3440,3.38
3441,3.8
3442,2.0
3443,3.38
3444,3.0
3445,3.5
3446,3.59
3447,3.0
3448,4.0
3449,2.62
3450,2.5
3451,4.0
3452,3.0
3453,1.0
3454,3.0
3455,2.24
3456,2.33
3457,3.69
3458,3.5
3459,3.69
3460,3.2
3461,4.0
3462,3.25
3463,3.67
3464,2.33
3465,0.0
3466,2.0
3467,2.77
3468,3.4
3469,3.6
3470,3.0
3471,1.0
3472,2.62
3473,0.0
3474,2.85
3475,3.4
3476,1.33
3477,4.0
3478,3.11
3479,2.64
3480,4.0
3481,0.0
3482,3.6
3483,1.5
3484,4.0
3485,0.0
3486,3.59
3487,3.0
3488,3.63
3489,3.57
3490,4.0
3491,3.0
3492,3.31
3493,3.0
3494,4.0
3495,4.0
3496,4.0
3497,2.67
3498,1.0
3499,2.29
3500,3.75
3501,0.25
3502,4.0
3503,2.5
3504,2.62
3505,2.5
3506,3.4
3507,0.0
3508,2.77
3509,4.0
3510,2.5
3511,1.75
3512,3.59
3513,2.9
3514,4.0
3515,3.77
3516,2.64
3517,2.38
3518,3.0
3519,2.77
3520,3.1
3521,0.33
3522,3.0
3523,0.0
3524,3.5
3525,1.5
3526,4.0
3527,2.5
3528,3.4
3529,3.88
3530,0.33
3531,4.0
3532,4.0
3533,2.92
3534,2.1
3535,2.5
3536,4.0
3537,2.29
3538,3.0
3539,4.0
3540,2.77
3541,3.75
3542,1.33
3543,3.08
3544,1.25
3545,3.13
3546,3.4
3547,1.23
3548,2.6
3549,3.88
3550,3.65
3551,3.25
3552,3.6
3553,3.36
3554,3.0
3555,4.0
3556,2.25
3557,3.69
3558,2.5
3559,0.0
3560,2.25
3561,3.3
3562,3.0
3563,4.0
3564,3.76
3565,2.15
3566,2.71
3567,3.0
3568,3.21
3569,2.4
3570,3.0
3571,3.0
3572,1.6
3573,1.82
3574,1.0
3575,3.6
3576,1.33
3577,2.46
3578,3.25
3579,2.5
3580,4.0
3581,1.11
3582,4.0
3583,4.0
3584,4.0
3585,3.73
3586,2.0
3587,2.23
3588,3.2
3589,2.8
3590,3.46
3591,4.0
3592,3.31
3593,4.0
3594,4.0
3595,2.43
3596,2.13
3597,3.4
3598,3.75
3599,1.33
3600,3.75
3601,3.31
3602,3.12
3603,4.0
3604,3.6
3605,0.0
3606,4.0
3607,3.25
3608,4.0
3609,4.0
3610,4.0
3611,3.54
3612,2.85
3613,4.0
3614,1.5
3615,2.67
3616,3.0
3617,2.77
3618,3.29
3619,4.0
3620,1.18
3621,3.5
3622,1.62
3623,3.6
3624,1.78
3625,4.0
3626,2.8
3627,2.77
3628,2.67
3629,2.46
3630,0.14
3631,3.2
3632,3.27
3633,2.14
3634,3.33
3635,4.0
3636,2.71
3637,3.75
3638,2.94
3639,2.0
3640,3.81
3641,2.0
3642,3.23
3643,3.83
3644,4.0
3645,3.0
3646,4.0
3647,4.0
3648,3.67
3649,2.0
3650,1.75
3651,4.0
3652,2.77
3653,0.0
3654,2.5
3655,3.5
3656,4.0
3657,3.63
3658,3.4
3659,3.25
3660,3.25
3661,2.43
3662,3.0
3663,3.78
3664,1.14
3665,3.5
3666,4.0
3667,4.0
3668,2.88
3669,1.0
3670,2.5
3671,3.19
3672,1.6
3673,2.5
3674,1.5
3675,2.5
3676,4.0
3677,4.0
3678,3.0
3679,4.0
3680,3.38
3681,3.6
3682,2.0
3683,3.6
3684,3.0
3685,3.44
3686,2.07
3687,2.5
3688,2.0
3689,3.0
3690,1.25
3691,3.0
3692,2.0
3693,3.25
3694,4.0
3695,4.0
3696,4.0
3697,3.8
3698,3.44
3699,1.5
3700,3.64
3701,3.5
3702,3.54
3703,1.71
3704,3.54
3705,1.33
3706,3.67
3707,2.57
3708,3.75
3709,4.0
3710,3.23
3711,3.13
3712,3.46
3713,4.0
3714,0.23
3715,3.42
3716,3.86
3717,2.6
3718,2.29
3719,4.0
3720,3.94
3721,3.4
3722,3.0
3723,2.46
3724,1.5
3725,3.79
3726,1.62
3727,4.0
3728,1.69
3729,3.67
3730,3.78
3731,3.25
3732,2.5
3733,1.67
3734,3.8
3735,2.46
3736,4.0
3737,0.69
3738,3.0
3739,2.5
3740,4.0
3741,4.0
3742,0.5
3743,3.75
3744,3.67
3745,4.0
3746,3.0
3747,2.33
3748,1.2
3749,2.0
3750,3.29
3751,2.0
3752,4.0
3753,0.5
3754,1.0
3755,3.69
3756,3.33
3757,3.0
3758,2.86
3759,4.0
3760,2.75
3761,2.8
3762,3.75
3763,3.3
3764,4.0
3765,2.62
3766,2.33
3767,0.33
3768,2.8
3769,2.0
3770,4.0
3771,3.63
3772,2.0
3773,4.0
3774,4.0
3775,4.0
3776,3.75
3777,2.67
3778,2.31
3779,2.0
3780,4.0
3781,4.0
3782,3.31
3783,3.23
3784,2.8
3785,3.23
3786,0.25
3787,3.56
3788,3.0
3789,3.67
3790,3.44
3791,3.0
3792,2.0
3793,3.0
3794,2.33
3795,3.23
3796,4.0
3797,3.33
3798,3.19
3799,0.0
3800,0.0
3801,3.67
3802,3.63
3803,3.36
3804,2.5
3805,2.5
3806,3.75
3807,3.63
3808,2.0
3809,3.6
3810,2.0
3811,3.0
3812,1.2
3813,2.33
3814,3.29
3815,3.54
3816,3.2
3817,3.84
3818,4.0
3819,3.5
3820,4.0
3821,1.0
3822,0.0
3823,3.33
3824,3.6
3825,4.0
3826,3.5
3827,3.21
3828,1.75
3829,2.83
3830,2.0
3831,2.0
3832,4.0
3833,1.75
3834,3.5
3835,3.0
3836,2.0
3837,2.13
3838,2.79
3839,2.41
3840,2.5
3841,3.5
3842,2.56
3843,3.0
3844,3.0
3845,2.08
3846,3.27
3847,4.0
3848,4.0
3849,4.0
3850,2.0
3851,4.0
3852,2.75
3853,0.0
3854,3.8
3855,2.33
3856,2.6
3857,0.0
3858,2.25
3859,2.0
3860,4.0
3861,2.0
3862,2.33
3863,3.53
3864,2.4
3865,1.21
3866,3.2
3867,1.0
3868,1.33
3869,2.0
3870,4.0
3871,2.75
3872,3.0
3873,4.0
3874,3.12
3875,2.31
3876,3.6
3877,3.54
3878,2.3
3879,4.0
3880,2.8
3881,2.14
3882,2.4
3883,3.25
3884,4.0
3885,3.79
3886,0.0
3887,1.38
3888,2.61
3889,3.25
3890,3.14
3891,3.8
3892,4.0
3893,3.75
3894,2.94
3895,1.62
3896,3.0
3897,3.25
3898,3.5
3899,2.67
3900,3.75
3901,0.33
3902,1.5
3903,3.0
3904,2.2
3905,3.2
3906,2.4
3907,3.67
3908,3.6
3909,3.0
3910,1.71
3911,1.75
3912,3.69
3913,1.0
3914,3.0
3915,4.0
3916,4.0
3917,2.81
3918,3.75
3919,2.17
3920,0.5
3921,4.0
3922,2.25
3923,3.13
3924,3.5
3925,3.17
3926,3.6
3927,3.4
3928,2.95
3929,3.2
3930,3.5
3931,1.93
3932,4.0
3933,4.0
3934,2.5
3935,3.5
3936,1.15
3937,2.85
3938,3.17
3939,4.0
3940,3.25
3941,2.5
3942,3.2
3943,3.6
3944,3.5
3945,3.25
3946,3.44
3947,4.0
3948,3.6
3949,3.25
3950,3.0
3951,3.8
3952,1.5
3953,3.87
3954,4.0
3955,2.5
3956,3.82
3957,0.57
3958,1.5
3959,4.0
3960,1.14
3961,2.0
3962,2.91
3963,2.06
3964,3.94
3965,0.75
3966,3.67
3967,3.57
3968,2.47
3969,2.0
3970,3.0
3971,3.5
3972,2.58
3973,3.4
3974,4.0
3975,2.25
3976,4.0
3977,4.0
3978,2.0
3979,4.0
3980,3.8
3981,3.5
3982,3.5
3983,3.08
3984,3.12
3985,4.0
3986,3.6
3987,4.0
3988,3.5
3989,2.38
3990,2.75
3991,3.6
3992,4.0
3993,4.0
3994,2.43
3995,3.0
3996,3.67
3997,3.8
3998,3.57
3999,3.0
4000,2.8
4001,2.62
4002,2.0
4003,4.0
4004,1.0
4005,3.0
4006,4.0
4007,1.62
4008,2.0
4009,4.0
4010,3.42
4011,2.69
4012,3.85
4013,2.75
4014,2.07
4015,2.55
4016,2.83
4017,4.0
4018,2.67
4019,2.31
4020,3.5
4021,4.0
4022,3.0
4023,3.5
4024,3.0
4025,2.86
4026,0.0
4027,0.5
4028,3.5
4029,1.0
4030,4.0
4031,4.0
4032,3.0
4033,3.5
4034,3.19
4035,1.57
4036,3.54
4037,3.75
4038,1.79
4039,3.0
4040,2.93
4041,3.0
4042,2.0
4043,3.62
4044,3.6
4045,0.5
4046,3.46
4047,2.05
4048,3.0
4049,4.0
4050,2.56
4051,4.0
4052,4.0
4053,2.25
4054,3.69
4055,4.0
4056,3.85
4057,3.0
4058,4.0
4059,3.14
4060,3.6
4061,1.0
4062,2.4
4063,3.56
4064,2.08
4065,1.69
4066,4.0
4067,3.75
4068,2.0
4069,1.14
4070,2.76
4071,2.5
4072,2.57
4073,3.8
4074,2.93
4075,2.5
4076,3.17
4077,3.6
4078,2.0
4079,4.0
4080,3.0
4081,3.6
4082,1.67
4083,1.18
4084,2.7
4085,3.5
4086,2.83
4087,3.17
4088,2.67
4089,3.59
4090,3.08
4091,3.0
4092,3.46
4093,3.63
4094,3.0
4095,1.5
4096,3.0
4097,2.46
4098,0.71
4099,1.0
4100,0.0
4101,3.2
4102,1.14
4103,3.0
4104,2.75
4105,0.67
4106,4.0
4107,2.62
4108,2.33
4109,1.25
4110,1.0
4111,1.0
4112,3.17
4113,4.0
4114,3.82
4115,0.0
4116,4.0
4117,2.07
4118,2.5
4119,2.75
4120,3.2
4121,4.0
4122,4.0
4123,3.8
4124,2.25
4125,3.0
4126,2.33
4127,2.55
4128,4.0
4129,0.0
4130,0.75
4131,2.6
4132,2.5
4133,3.4
4134,3.0
4135,4.0
4136,3.19
4137,3.83
4138,3.5
4139,2.5
4140,3.8
4141,1.0
4142,3.25
4143,4.0
4144,3.67
4145,3.25
4146,4.0
4147,2.0
4148,3.0
4149,3.85
4150,2.8
4151,2.0
4152,4.0
4153,0.71
4154,4.0
4155,4.0
4156,3.54
4157,4.0
4158,3.31
4159,4.0
4160,3.0
4161,1.54
4162,4.0
4163,1.89
4164,1.75
4165,3.25
4166,1.0
4167,3.0
4168,3.5
4169,3.73
4170,2.75
4171,4.0
4172,3.5
4173,4.0
4174,4.0
4175,2.92
4176,3.67
4177,1.15
4178,3.75
4179,3.8
4180,0.67
4181,0.0
4182,1.88
4183,3.0
4184,4.0
4185,2.25
4186,3.8
4187,4.0
4188,2.5
4189,3.59
4190,4.0
4191,3.77
4192,3.23
4193,3.0
4194,3.2
4195,1.58
4196,2.64
4197,3.8
4198,2.75
4199,2.8
4200,2.56
4201,3.07
4202,2.69
4203,3.5
4204,4.0
4205,3.0
4206,4.0
4207,3.75
4208,3.63
4209,3.57
4210,3.31
4211,3.31
4212,4.0
4213,3.75
4214,2.77
4215,2.67
4216,3.5
4217,2.67
4218,3.0
4219,1.5
4220,1.55
4221,2.38
4222,2.0
4223,4.0
4224,2.62
4225,3.38
4226,3.0
4227,4.0
4228,3.25
4229,4.0
4230,1.45
4231,4.0
4232,3.6
4233,4.0
4234,1.88
4235,3.44
4236,2.5
4237,0.0
4238,4.0
4239,0.0
4240,4.0
4241,2.67
4242,2.0
4243,3.38
4244,3.59
4245,2.6
4246,4.0
4247,4.0
4248,3.0
4249,2.38
4250,3.13
4251,2.0
4252,1.0
4253,3.0
4254,3.75
4255,2.0
4256,3.75
4257,0.0
4258,3.79
4259,4.0
4260,4.0
4261,2.0
4262,3.56
4263,3.8
4264,2.5
4265,3.33
4266,3.75
4267,3.57
4268,2.5
4269,2.75
4270,3.23
4271,2.5
4272,3.33
4273,3.75
4274,3.44
4275,3.86
4276,3.33
4277,3.0
4278,3.2
4279,2.0
4280,3.0
4281,2.94
4282,3.25
4283,3.8
4284,3.0
4285,2.5
4286,3.0
4287,2.0
4288,3.0
4289,3.5
4290,3.5
4291,1.8
4292,3.08
4293,0.5
4294,4.0
4295,2.85
4296,4.0
4297,3.56
4298,1.5
4299,0.5
4300,2.25
4301,2.2
4302,3.08
4303,1.8
4304,3.0
4305,1.5
4306,2.5
4307,3.5
4308,3.67
4309,1.31
4310,3.0
4311,3.0
4312,3.5
4313,0.0
4314,4.0
4315,4.0
4316,2.65
4317,4.0
4318,3.08
4319,2.5
4320,3.0
4321,1.8
4322,2.0
4323,2.0
4324,2.92
4325,4.0
4326,2.8
4327,3.25
4328,3.5
4329,3.5
4330,2.0
4331,1.75
4332,2.4
4333,3.33
4334,3.0
4335,3.77
4336,3.25
4337,4.0
4338,3.54
4339,4.0
4340,3.54
4341,3.81
4342,2.5
4343,3.0
4344,3.38
4345,3.0
4346,3.5
4347,2.25
4348,2.23
4349,3.0
4350,3.8
4351,2.2
4352,2.75
4353,2.31
4354,2.0
4355,3.75
4356,2.4
4357,1.2
4358,3.0
4359,2.94
4360,2.0
4361,3.25
4362,0.0
4363,4.0
4364,4.0
4365,0.0
4366,4.0
4367,3.75
4368,3.56
4369,3.0
4370,3.0
4371,2.63
4372,3.31
4373,3.68
4374,1.0
4375,3.31
4376,2.25
4377,2.75
4378,2.0
4379,2.6
4380,3.0
4381,4.0
4382,2.79
4383,3.0
4384,3.0
4385,1.33
4386,2.75
4387,4.0
4388,4.0
4389,1.6
4390,3.8
4391,0.0
4392,3.94
4393,3.25
4394,3.5
4395,0.0
4396,2.75
4397,2.46
4398,2.9
4399,3.33
4400,3.56
4401,3.57
4402,3.5
4403,2.25
4404,3.23
4405,3.08
4406,4.0
4407,4.0
4408,3.4
4409,4.0
4410,4.0
4411,3.0
4412,0.25
4413,3.8
4414,4.0
4415,2.36
4416,2.69
4417,3.4
4418,3.0
4419,1.0
4420,2.58
4421,2.07
4422,2.91
4423,0.17
4424,3.67
4425,1.81
4426,2.81
4427,2.0
4428,3.25
4429,1.5
4430,2.8
4431,0.0
4432,2.25
4433,2.75
4434,3.69
4435,3.23
4436,3.67
4437,2.75
4438,1.08
4439,0.0
4440,4.0
4441,0.0
4442,4.0
4443,3.33
4444,0.5
4445,4.0
4446,2.5
4447,0.5
4448,3.09
4449,2.0
4450,4.0
4451,1.71
4452,2.67
4453,4.0
4454,3.0
4455,2.67
4456,0.86
4457,3.82
4458,1.5
4459,4.0
4460,3.19
4461,3.5
4462,4.0
4463,4.0
4464,1.42
4465,2.0
4466,3.0
4467,1.5
4468,1.24
4469,3.0
4470,2.87
4471,3.23
4472,3.54
4473,0.0
4474,3.19
4475,2.25
4476,4.0
4477,2.75
4478,3.79
4479,0.0
4480,1.92
4481,1.5
4482,1.69
4483,3.75
4484,0.69
4485,3.5
4486,3.0
4487,2.0
4488,2.0
4489,2.67
4490,4.0
4491,1.13
4492,0.22
4493,2.64
4494,1.6
4495,1.0
4496,1.67
4497,1.65
4498,2.88
4499,2.81
4500,3.33
4501,2.7
4502,2.0
4503,2.0
4504,2.75
4505,4.0
4506,3.54
4507,3.4
4508,3.6
4509,3.5
4510,3.0
4511,2.42
4512,3.2
4513,3.73
4514,2.0
4515,2.57
4516,2.73
4517,2.67
4518,2.77
4519,3.75
4520,4.0
4521,3.8
4522,3.2
4523,1.43
4524,2.36
4525,4.0
4526,3.33
4527,3.6
4528,3.67
4529,1.6
4530,2.27
4531,0.0
4532,3.0
4533,1.25
4534,2.6
4535,3.2
4536,4.0
4537,2.43
4538,3.25
4539,3.75
4540,1.46
4541,2.0
4542,4.0
4543,3.2
4544,2.42
4545,3.0
4546,2.5
4547,2.0
4548,2.0
4549,4.0
4550,1.67
4551,3.31
4552,4.0
4553,1.0
4554,2.08
4555,3.4
4556,4.0
4557,2.69
4558,0.07
4559,2.33
4560,0.0
4561,3.33
4562,1.0
4563,2.14
4564,3.65
4565,2.67
4566,2.0
4567,4.0
4568,4.0
4569,4.0
4570,1.46
4571,2.6
4572,3.75
4573,3.0
4574,2.75
4575,3.0
4576,0.0
4577,3.5
4578,2.69
4579,3.2
4580,3.65
4581,4.0
4582,2.5
4583,3.72
4584,0.0
4585,1.0
4586,2.43
4587,4.0
4588,4.0
4589,2.42
4590,4.0
4591,4.0
4592,2.5
4593,2.69
4594,3.0
4595,3.0
4596,3.0
4597,1.0
4598,3.6
4599,3.33
4600,1.87
4601,3.29
4602,2.5
4603,3.08
4604,3.21
4605,3.8
4606,2.73
4607,3.1
4608,3.8
4609,3.0
4610,3.6
4611,2.68
4612,3.81
4613,3.46
4614,4.0
4615,4.0
4616,3.6
4617,4.0
4618,2.6
4619,3.93
4620,3.0
4621,2.92
4622,2.6
4623,3.06
4624,1.46
4625,1.8
4626,3.5
4627,3.0
4628,2.77
4629,2.88
4630,4.0
4631,0.0
4632,2.2
4633,3.4
4634,4.0
4635,2.6
4636,0.67
4637,0.0
4638,2.0
4639,3.93
4640,3.38
4641,4.0
4642,3.67
4643,4.0
4644,4.0
4645,3.0
4646,2.33
4647,3.25
4648,4.0
4649,2.7
4650,3.0
4651,2.54
4652,4.0
4653,3.29
4654,3.8
4655,1.92
4656,4.0
4657,3.81
4658,2.79
4659,0.0
4660,3.59
4661,2.08
4662,3.75
4663,3.2
4664,2.6
4665,4.0
4666,2.69
4667,1.54
4668,3.67
4669,3.75
4670,4.0
4671,4.0
4672,2.33
4673,2.5
4674,1.91
4675,3.5
4676,2.4
4677,4.0
4678,2.69
4679,3.65
4680,3.0
4681,3.0
4682,3.2
4683,3.38
4684,3.2
4685,3.2
4686,2.76
4687,2.5
4688,0.6
4689,4.0
4690,3.1
4691,3.2
4692,1.2
4693,3.4
4694,1.6
4695,4.0
4696,1.5
4697,3.44
4698,2.15
4699,4.0
4700,1.15
4701,4.0
4702,2.57
4703,1.5
4704,3.0
4705,2.67
4706,1.0
4707,1.0
4708,2.0
4709,4.0
4710,1.25
4711,3.75
4712,0.0
4713,3.5
4714,4.0
4715,3.17
4716,3.6
4717,3.84
4718,2.83
4719,2.75
4720,3.5
4721,2.2
4722,3.4
4723,2.0
4724,2.6
4725,3.0
4726,1.71
4727,3.6
4728,2.5
4729,1.57
4730,2.75
4731,2.25
4732,4.0
4733,2.54
4734,3.62
4735,3.8
4736,3.25
4737,4.0
4738,0.0
4739,3.54
4740,3.5
4741,0.0
4742,2.33
4743,2.2
4744,3.33
4745,0.63
4746,3.0
4747,2.71
4748,4.0
4749,0.75
4750,3.0
4751,2.44
4752,2.73
4753,1.33
4754,3.08
4755,4.0
4756,4.0
4757,2.63
4758,1.33
4759,2.13
4760,1.5
4761,2.57
4762,3.83
4763,3.0
4764,4.0
4765,2.0
4766,2.0
4767,4.0
4768,1.92
4769,2.8
4770,1.8
4771,2.8
4772,3.0
4773,3.21
4774,4.0
4775,4.0
4776,3.88
4777,4.0
4778,2.8
4779,3.6
4780,2.6
4781,4.0
4782,3.46
4783,3.82
4784,3.83
4785,2.0
4786,3.25
4787,3.0
4788,1.93
4789,4.0
4790,1.5
4791,3.08
4792,0.46
4793,3.5
4794,0.33
4795,3.25
4796,3.27
4797,0.0
4798,2.33
4799,3.0
4800,2.5
4801,3.38
4802,2.4
4803,4.0
4804,3.0
4805,2.33
4806,3.5
4807,3.82
4808,1.75
4809,3.0
4810,4.0
4811,3.08
4812,3.0
4813,0.0
4814,2.25
4815,4.0
4816,3.0
4817,2.77
4818,3.0
4819,1.77
4820,1.79
4821,2.23
4822,2.45
4823,4.0
4824,3.36
4825,0.0
4826,0.75
4827,4.0
4828,2.75
4829,3.87
4830,1.93
4831,2.0
4832,3.25
4833,1.2
4834,3.94
4835,2.71
4836,4.0
4837,3.0
4838,3.0
4839,3.0
4840,3.71
4841,1.25
4842,3.0
4843,2.77
4844,3.8
4845,3.64
4846,3.54
4847,4.0
4848,1.5
4849,1.0
4850,3.0
4851,3.0
4852,4.0
4853,4.0
4854,2.0
4855,0.67
4856,3.24
4857,4.0
4858,4.0
4859,1.5
4860,3.0
4861,2.17
4862,3.67
4863,3.54
4864,4.0
4865,2.4
4866,4.0
4867,2.69
4868,3.29
4869,3.4
4870,2.25
4871,4.0
4872,3.38
4873,0.0
4874,3.0
4875,3.77
4876,3.33
4877,4.0
4878,1.75
4879,3.0
4880,3.44
4881,3.2
4882,3.5
4883,2.29
4884,4.0
4885,3.42
4886,3.13
4887,2.45
4888,0.0
4889,4.0
4890,2.33
4891,3.75
4892,3.56
4893,3.5
4894,2.0
4895,2.15
4896,0.0
4897,2.23
4898,3.56
4899,2.8
4900,2.6
4901,2.86
4902,3.83
4903,4.0
4904,3.15
4905,2.5
4906,4.0
4907,2.5
4908,1.0
4909,0.0
4910,4.0
4911,3.33
4912,2.0
4913,3.0
4914,3.23
4915,3.0
4916,3.5
4917,2.25
4918,4.0
4919,3.58
4920,3.25
4921,3.5
4922,4.0
4923,0.0
4924,3.0
4925,3.17
4926,4.0
4927,4.0
4928,4.0
4929,1.0
4930,2.14
4931,3.54
4932,2.69
4933,4.0
4934,3.0
4935,2.95
4936,3.3
4937,2.21
4938,4.0
4939,3.1
4940,3.1
4941,2.5
4942,4.0
4943,3.38
4944,4.0
4945,2.68
4946,3.25
4947,2.07
4948,3.0
4949,3.06
4950,3.67
4951,3.33
4952,3.6
4953,4.0
4954,2.77
4955,3.38
4956,3.17
4957,1.67
4958,3.2
4959,3.54
4960,3.81
4961,3.0
4962,3.81
4963,4.0
4964,2.31
4965,3.38
4966,3.41
4967,2.0
4968,3.0
4969,2.5
4970,2.6
4971,3.4
4972,3.0
4973,1.85
4974,3.0
4975,4.0
4976,3.5
4977,2.86
4978,2.5
4979,2.0
4980,3.5
4981,4.0
4982,4.0
4983,3.1
4984,2.71
4985,2.12
4986,3.5
4987,3.35
4988,2.8
4989,3.79
4990,3.87
4991,4.0
4992,4.0
4993,0.0
4994,3.0
4995,2.75
4996,4.0
4997,3.5
4998,3.5
4999,3.6
5000,3.5
5001,4.0
5002,2.0
5003,3.0
5004,2.25
5005,4.0
5006,4.0
5007,4.0
5008,1.25
5009,2.5
5010,3.5
5011,3.4
5012,2.87
5013,2.14
5014,3.5
5015,4.0
5016,3.79
5017,3.38
5018,3.0
5019,4.0
5020,1.0
5021,1.62
5022,3.43
5023,4.0
5024,0.0
5025,4.0
5026,4.0
5027,2.5
5028,2.82
5029,0.0
5030,3.75
5031,1.2
5032,4.0
5033,2.31
5034,3.5
5035,1.8
5036,3.46
5037,2.33
5038,2.0
5039,3.0
5040,3.75
5041,4.0
5042,2.4
5043,3.25
5044,2.5
5045,2.83
5046,3.19
5047,3.76
5048,2.0
5049,0.33
5050,4.0
5051,3.5
5052,2.25
5053,3.54
5054,2.31
5055,3.0
5056,2.46
5057,3.0
5058,3.0
5059,2.75
5060,3.5
5061,2.8
5062,3.67
5063,2.2
5064,3.6
5065,3.0
5066,4.0
5067,2.56
5068,0.56
5069,3.0
5070,3.06
5071,1.43
5072,2.5
5073,2.0
5074,3.0
5075,3.43
5076,3.08
5077,4.0
5078,3.0
5079,2.23
5080,4.0
5081,3.25
5082,3.33
5083,3.8
5084,2.15
5085,3.81
5086,2.25
5087,3.5
5088,4.0
5089,4.0
5090,3.4
5091,4.0
5092,4.0
5093,3.0
5094,2.38
5095,3.2
5096,3.0
5097,4.0
5098,2.5
5099,3.0
5100,3.6
5101,3.75
5102,4.0
5103,0.95
5104,4.0
5105,3.0
5106,3.11
5107,2.07
5108,2.6
5109,3.14
5110,3.33
5111,2.2
5112,2.5
5113,2.5
5114,4.0
5115,2.92
5116,3.54
5117,3.5
5118,3.35
5119,3.1
5120,3.0
5121,0.5
5122,3.25
5123,3.0
5124,3.15
5125,3.6
5126,3.31
5127,2.75
5128,3.0
5129,0.0
5130,1.75
5131,4.0
5132,3.6
5133,3.2
5134,1.54
5135,3.25
5136,4.0
5137,4.0
5138,3.54
5139,3.0
5140,2.0
5141,3.58
5142,3.67
5143,4.0
5144,2.63
5145,4.0
5146,3.0
5147,2.5
5148,3.09
5149,3.06
5150,0.0
5151,3.77
5152,2.91
5153,3.0
5154,3.54
5155,3.85
5156,2.33
5157,3.0
5158,3.6
5159,3.0
5160,3.8
5161,3.23
5162,1.73
5163,3.33
5164,3.73
5165,4.0
5166,3.0
5167,4.0
5168,0.8
5169,3.8
5170,2.21
5171,4.0
5172,3.0
5173,3.25
5174,3.25
5175,3.75
5176,4.0
5177,3.83
5178,2.0
5179,1.25
5180,2.85
5181,3.81
5182,3.5
5183,3.6
5184,3.0
5185,3.0
5186,2.0
5187,3.23
5188,3.4
5189,2.75
5190,2.8
5191,3.0
5192,2.8
5193,3.0
5194,4.0
5195,1.67
5196,3.0
5197,2.33
5198,3.5
5199,3.38
5200,4.0
5201,3.4
5202,3.33
5203,1.5
5204,2.0
5205,3.8
5206,3.0
5207,0.0
5208,0.6
5209,3.54
5210,3.23
5211,3.45
5212,3.31
5213,1.77
5214,2.5
5215,3.75
5216,1.0
5217,2.38
5218,3.75
5219,3.4
5220,3.81
5221,4.0
5222,3.64
5223,1.46
5224,3.17
5225,3.54
5226,3.33
5227,2.8
5228,4.0
5229,4.0
5230,1.67
5231,3.6
5232,2.2
5233,3.0
5234,2.71
5235,2.2
5236,0.67
5237,3.4
5238,3.46
5239,3.5
5240,3.23
5241,2.75
5242,4.0
5243,3.0
5244,3.17
5245,3.4
5246,2.2
5247,4.0
5248,0.75
5249,3.75
5250,0.75
5251,2.85
5252,1.33
5253,4.0
5254,4.0
5255,1.5
5256,4.0
5257,3.46
5258,3.0
5259,0.0
5260,0.0
5261,2.75
5262,2.0
5263,0.0
5264,2.6
5265,2.33
5266,2.0
5267,0.0
5268,2.4
5269,3.5
5270,3.0
5271,2.67
5272,4.0
5273,4.0
5274,2.83
5275,2.92
5276,0.5
5277,3.25
5278,3.82
5279,2.9
5280,4.0
5281,3.0
5282,3.0
5283,1.33
5284,2.0
5285,3.0
5286,3.5
5287,2.25
5288,2.0
5289,4.0
5290,2.5
5291,2.8
5292,3.5
5293,2.5
5294,4.0
5295,3.0
5296,3.3
5297,4.0
5298,3.63
5299,0.0
5300,2.0
5301,4.0
5302,2.5
5303,2.75
5304,3.0
5305,0.0
5306,2.0
5307,3.5
5308,3.47
5309,4.0
5310,4.0
5311,3.77
5312,2.75
5313,3.2
5314,3.46
5315,3.0
5316,2.85
5317,4.0
5318,3.69
5319,1.33
5320,2.2
5321,4.0
5322,3.8
5323,0.23
5324,3.2
5325,4.0
5326,3.23
5327,2.7
5328,2.0
5329,1.4
5330,2.8
5331,2.23
5332,3.56
5333,3.63
5334,3.0
5335,3.6
5336,3.4
5337,3.6
5338,4.0
5339,4.0
5340,3.69
5341,3.08
5342,2.23
5343,3.33
5344,3.5
5345,2.62
5346,3.13
5347,3.23
5348,3.54
5349,0.0
5350,3.0
5351,2.5
5352,3.46
5353,3.58
5354,2.5
5355,3.8
5356,3.18
5357,2.27
5358,3.0
5359,0.0
5360,3.64
5361,4.0
5362,2.0
5363,4.0
5364,3.33
5365,2.5
5366,3.57
5367,2.4
5368,2.6
5369,3.5
5370,2.25
5371,1.0
5372,2.57
5373,3.31
5374,1.67
5375,3.4
5376,1.23
5377,3.2
5378,2.91
5379,4.0
5380,3.0
5381,3.5
5382,4.0
5383,3.0
5384,1.75
5385,2.83
5386,3.5
5387,0.0
5388,2.75
5389,2.75
5390,2.81
5391,3.4
5392,4.0
5393,3.33
5394,1.9
5395,3.13
5396,3.83
5397,3.6
5398,2.08
5399,3.0
5400,2.5
5401,4.0
5402,2.25
5403,3.6
5404,1.77
5405,2.67
5406,3.71
5407,3.6
5408,2.38
5409,4.0
5410,2.33
5411,3.8
5412,0.85
5413,3.0
5414,2.25
5415,3.0
5416,2.75
5417,2.25
5418,2.67
5419,3.17
5420,3.5
5421,3.0
5422,2.87
5423,0.5
5424,4.0
5425,3.83
5426,3.0
5427,3.27
5428,2.25
5429,2.75
5430,3.0
5431,4.0
5432,2.6
5433,2.83
5434,4.0
5435,3.5
5436,3.75
5437,4.0
5438,3.67
5439,3.1
5440,3.0
5441,3.6
5442,2.6
5443,3.0
5444,1.69
5445,2.46
5446,2.0
5447,3.25
5448,2.25
5449,3.13
5450,4.0
5451,3.17
5452,4.0
5453,2.8
5454,2.15
5455,0.0
5456,2.0
5457,3.0
5458,3.69
5459,2.95
5460,2.31
5461,1.5
5462,3.4
5463,2.69
5464,2.4
5465,2.67
5466,1.6
5467,0.43
5468,1.62
5469,4.0
5470,0.0
5471,3.0
5472,0.0
5473,3.0
5474,4.0
5475,1.6
5476,3.5
5477,3.0
5478,4.0
5479,3.77
5480,3.8
5481,2.94
5482,3.33
5483,1.23
5484,3.0
5485,3.5
5486,2.4
5487,2.67
5488,3.44
5489,3.8
5490,1.4
5491,2.0
5492,4.0
5493,0.4
5494,4.0
5495,0.71
5496,2.8
5497,3.75
5498,3.8
5499,4.0
5500,0.69
5501,2.6
5502,2.85
5503,3.79
5504,3.69
5505,2.69
5506,3.5
5507,2.5
5508,4.0
5509,3.6
5510,3.5
5511,3.33
5512,4.0
5513,3.54
5514,2.9
5515,0.0
5516,2.25
5517,3.8
5518,4.0
5519,0.0
5520,4.0
5521,4.0
5522,4.0
5523,3.75
5524,3.75
5525,4.0
5526,2.62
5527,4.0
5528,3.25
5529,2.5
5530,3.46
5531,2.5
5532,2.6
5533,2.75
5534,3.0
5535,3.0
5536,3.4
5537,2.82
5538,3.33
5539,3.5
5540,3.8
5541,2.0
5542,0.8
5543,3.73
5544,3.25
5545,4.0
5546,2.25
5547,2.92
5548,2.0
5549,2.33
5550,2.64
5551,3.2
5552,3.0
5553,4.0
5554,2.25
5555,3.38
5556,2.6
5557,4.0
5558,3.69
5559,2.88
5560,2.75
5561,4.0
5562,3.5
5563,3.5
5564,3.33
5565,3.85
5566,1.62
5567,3.0
5568,2.5
5569,1.25
5570,3.5
5571,4.0
5572,2.47
5573,3.53
5574,2.5
5575,3.8
5576,1.75
5577,2.69
5578,3.6
5579,4.0
5580,3.0
5581,4.0
5582,0.0
5583,2.0
5584,2.62
5585,4.0
5586,3.3
5587,4.0
5588,3.15
5589,4.0
5590,3.5
5591,3.67
5592,0.0
5593,1.71
5594,2.5
5595,2.0
5596,3.78
5597,2.36
5598,3.4
5599,3.79
5600,0.0
5601,3.54
5602,4.0
5603,1.0
5604,3.0
5605,3.33
5606,3.93
5607,3.0
5608,3.4
5609,1.73
5610,3.33
5611,4.0
5612,4.0
5613,3.68
5614,2.75
5615,2.8
5616,3.92
5617,3.5
5618,4.0
5619,2.0
5620,3.0
5621,0.0
5622,2.5
5623,3.82
5624,3.5
5625,3.44
5626,1.38
5627,4.0
5628,2.5
5629,3.0
5630,0.46
5631,4.0
5632,3.0
5633,2.31
5634,3.8
5635,3.75
5636,3.5
5637,2.81
5638,3.2
5639,3.3
5640,1.0
5641,4.0
5642,2.0
5643,3.75
5644,4.0
5645,2.4
5646,0.86
5647,4.0
5648,1.0
5649,2.67
5650,3.31
5651,3.38
5652,2.33
5653,3.5
5654,2.75
5655,3.5
5656,3.25
5657,1.77
5658,2.77
5659,3.0
5660,3.75
5661,2.3
5662,1.77
5663,2.6
5664,3.77
5665,3.48
5666,4.0
5667,0.0
5668,4.0
5669,4.0
5670,2.54
5671,3.2
5672,4.0
5673,2.5
5674,2.0
5675,3.33
5676,3.5
5677,2.4
5678,4.0
5679,3.25
5680,3.5
5681,3.94
5682,3.21
5683,2.5
5684,4.0
5685,4.0
5686,3.67
5687,1.2
5688,4.0
5689,2.75
5690,1.67
5691,4.0
5692,4.0
5693,3.47
5694,3.71
5695,2.35
5696,0.75
5697,0.91
5698,1.54
5699,3.6
5700,2.6
5701,3.54
5702,3.19
5703,2.67
5704,2.93
5705,1.75
5706,4.0
5707,2.75
5708,3.31
5709,0.0
5710,3.83
5711,1.75
5712,3.5
5713,0.77
5714,4.0
5715,0.0
5716,3.44
5717,4.0
5718,3.5
5719,2.0
5720,4.0
5721,4.0
5722,2.75
5723,0.75
5724,2.14
5725,1.0
5726,3.84
5727,4.0
5728,4.0
5729,3.38
5730,1.25
5731,2.38
5732,3.46
5733,4.0
5734,3.21
5735,1.92
5736,2.93
5737,3.0
5738,3.67
5739,3.0
5740,4.0
5741,3.0
5742,2.5
5743,2.23
5744,2.71
5745,3.42
5746,1.25
5747,2.0
5748,0.69
5749,4.0
5750,2.75
5751,4.0
5752,4.0
5753,3.4
5754,2.8
5755,4.0
5756,4.0
5757,0.0
5758,1.94
5759,3.0
5760,3.5
5761,2.2
5762,3.0
5763,2.33
5764,1.25
5765,1.77
5766,4.0
5767,4.0
5768,1.93
5769,3.0
5770,2.0
5771,2.67
5772,2.5
5773,3.6
5774,3.4
5775,2.0
5776,3.83
5777,3.25
5778,4.0
5779,3.0
5780,1.0
5781,4.0
5782,0.0
5783,3.75
5784,3.67
5785,4.0
5786,4.0
5787,3.0
5788,3.83
5789,1.38
5790,2.93
5791,1.82
5792,3.0
5793,3.8
5794,2.6
5795,2.36
5796,3.0
5797,1.69
5798,3.1
5799,2.31
5800,2.25
5801,2.0
5802,3.2
5803,4.0
5804,0.0
5805,1.5
5806,3.33
5807,2.2
5808,4.0
5809,3.5
5810,2.27
5811,3.56
5812,1.67
5813,3.4
5814,1.5
5815,0.62
5816,2.6
5817,3.54
5818,1.5
5819,4.0
5820,3.29
5821,3.4
5822,3.93
5823,3.0
5824,4.0
5825,3.0
5826,3.25
5827,4.0
5828,3.0
5829,2.82
5830,4.0
5831,3.5
5832,1.67
5833,3.5
5834,3.68
5835,2.08
5836,4.0
5837,0.55
5838,3.76
5839,3.0
5840,2.6
5841,2.8
5842,3.6
5843,0.0
5844,3.75
5845,3.5
5846,0.75
5847,0.0
5848,3.43
5849,4.0
5850,2.61
5851,2.67
5852,4.0
5853,3.8
5854,3.0
5855,3.75
5856,1.67
5857,3.5
5858,2.5
5859,3.13
5860,3.0
5861,4.0
5862,2.86
5863,3.08
5864,3.8
5865,0.54
5866,2.0
5867,4.0
5868,3.67
5869,3.57
5870,4.0
5871,4.0
5872,3.0
5873,4.0
5874,3.4
5875,4.0
5876,3.71
5877,4.0
5878,4.0
5879,0.38
5880,4.0
5881,3.7
5882,3.0
5883,4.0
5884,1.2
5885,2.57
5886,3.67
5887,4.0
5888,3.0
5889,3.5
5890,2.89
5891,1.25
5892,2.25
5893,2.4
5894,3.0
5895,1.33
5896,3.0
5897,3.4
5898,3.43
5899,4.0
5900,2.67
5901,2.8
5902,2.86
5903,1.0
5904,4.0
5905,2.0
5906,2.5
5907,3.0
5908,3.17
5909,2.32
5910,3.67
5911,4.0
5912,2.5
5913,4.0
5914,3.25
5915,3.0
5916,1.0
5917,3.6
5918,2.5
5919,3.38
5920,4.0
5921,3.5
5922,3.19
5923,2.21
5924,1.5
5925,2.5
5926,4.0
5927,3.0
5928,2.0
5929,4.0
5930,3.0
5931,3.5
5932,3.8
5933,2.25
5934,3.63
5935,3.5
5936,1.6
5937,3.2
5938,2.33
5939,2.25
5940,3.6
5941,1.54
5942,4.0
5943,3.8
5944,3.5
5945,0.54
5946,2.55
5947,4.0
5948,2.3
5949,0.0
5950,4.0
5951,2.0
5952,3.0
5953,2.0
5954,1.27
5955,3.0
5956,0.75
5957,3.0
5958,3.75
5959,3.6
5960,3.23
5961,4.0
5962,1.62
5963,3.75
5964,3.25
5965,2.44
5966,2.93
5967,3.31
5968,3.0
5969,3.4
5970,2.0
5971,4.0
5972,1.0
5973,2.8
5974,2.6
5975,4.0
5976,3.4
5977,2.6
5978,4.0
5979,4.0
5980,2.0
5981,4.0
5982,3.33
5983,3.2
5984,2.4
5985,2.75
5986,3.2
5987,1.92
5988,3.2
5989,2.46
5990,2.5
5991,3.25
5992,3.38
5993,3.86
5994,1.75
5995,3.0
5996,3.15
5997,3.75
5998,3.38
5999,2.33
6000,2.0
6001,2.38
6002,0.5
6003,2.6
6004,1.0
6005,2.0
6006,3.5
6007,3.57
6008,0.0
6009,3.19
6010,3.6
6011,2.0
6012,2.6
6013,1.16
6014,2.75
6015,3.38
6016,3.33
6017,3.25
6018,3.75
6019,2.8
6020,4.0
6021,2.25
6022,2.0
6023,2.0
6024,0.25
6025,3.0
6026,1.75
6027,2.4
6028,2.8
6029,1.25
6030,1.5
6031,2.54
6032,4.0
6033,3.0
6034,4.0
6035,2.75
6036,4.0
6037,0.6
6038,4.0
6039,4.0
6040,2.17
6041,3.31
6042,3.92
6043,2.0
6044,0.92
6045,3.75
6046,3.14
6047,4.0
6048,3.5
6049,0.57
6050,3.0
6051,3.0
6052,3.13
6053,3.4
6054,4.0
6055,4.0
6056,2.67
6057,0.6
6058,0.0
6059,4.0
6060,3.0
6061,0.0
6062,0.0
6063,3.83
6064,3.46
6065,2.25
6066,3.75
6067,3.07
6068,0.58
6069,3.0
6070,2.21
6071,4.0
6072,2.2
6073,3.56
6074,3.6
6075,3.75
6076,3.23
6077,1.67
6078,4.0
6079,0.0
6080,0.0
6081,0.0
6082,4.0
6083,2.0
6084,2.0
6085,2.75
6086,3.5
6087,3.6
6088,3.47
6089,4.0
6090,2.81
6091,3.5
6092,3.25
6093,2.33
6094,2.33
6095,2.69
6096,3.5
6097,4.0
6098,1.33
6099,2.75
6100,3.75
6101,3.38
6102,3.43
6103,1.33
6104,3.0
6105,3.0
6106,3.83
6107,3.0
6108,4.0
6109,2.5
6110,3.2
6111,3.5
6112,3.0
6113,2.8
6114,3.5
6115,3.0
6116,3.4
6117,3.83
6118,4.0
6119,3.5
6120,4.0
6121,2.38
6122,3.24
6123,4.0
6124,1.71
6125,4.0
6126,2.25
6127,4.0
6128,3.5
6129,2.83
6130,3.0
6131,3.4
6132,3.69
6133,2.25
6134,4.0
6135,3.14
6136,3.63
6137,3.0
6138,2.5
6139,1.5
6140,3.33
6141,3.0
6142,1.0
6143,3.8
6144,3.4
6145,3.0
6146,2.5
6147,2.0
6148,1.3
6149,2.5
6150,2.4
6151,3.54
6152,3.25
6153,3.69
6154,0.0
6155,3.33
6156,3.8
6157,2.0
6158,1.86
6159,4.0
6160,2.75
6161,3.2
6162,2.75
6163,3.35
6164,2.2
6165,0.0
6166,4.0
6167,3.7
6168,1.91
6169,2.67
6170,4.0
6171,4.0
6172,2.0
6173,3.25
6174,3.4
6175,2.38
6176,2.38
6177,2.46
6178,2.25
6179,3.38
6180,3.54
6181,2.47
6182,3.8
6183,3.67
6184,3.75
6185,1.5
6186,1.9
6187,3.5
6188,4.0
6189,2.67
6190,3.68
6191,1.92
6192,3.76
6193,0.0
6194,2.0
6195,3.31
6196,3.0
6197,2.81
6198,3.0
6199,2.0
6200,3.0
6201,0.0
6202,3.46
6203,2.0
6204,2.69
6205,1.0
6206,4.0
6207,3.44
6208,1.2
6209,3.25
6210,2.75
6211,2.5
6212,0.75
6213,3.0
6214,4.0
6215,2.6
6216,4.0
6217,1.06
6218,2.1
6219,0.0
6220,4.0
6221,3.33
6222,2.83
6223,3.4
6224,2.0
6225,1.63
6226,3.75
6227,3.8
6228,1.75
6229,4.0
6230,4.0
6231,1.5
6232,4.0
6233,1.23
6234,3.5
6235,0.5
6236,2.5
6237,1.0
6238,2.17
6239,2.2
6240,4.0
6241,2.25
6242,3.29
6243,3.8
6244,3.6
6245,3.0
6246,2.6
6247,2.25
6248,3.0
6249,3.6
6250,1.0
6251,4.0
6252,3.54
6253,3.8
6254,2.25
6255,3.79
6256,2.4
6257,4.0
6258,3.0
6259,4.0
6260,3.0
6261,2.0
6262,0.0
6263,2.85
6264,1.5
6265,1.5
6266,1.46
6267,4.0
6268,3.14
6269,3.8
6270,3.81
6271,3.0
6272,2.0
6273,2.88
6274,4.0
6275,3.0
6276,3.38
6277,4.0
6278,1.2
6279,2.46
6280,3.78
6281,3.0
6282,3.44
6283,3.0
6284,2.54
6285,2.0
6286,4.0
6287,4.0
6288,3.71
6289,2.2
6290,3.38
6291,2.64
6292,4.0
6293,1.88
6294,3.0
6295,3.23
6296,2.57
6297,4.0
6298,3.89
6299,4.0
6300,3.54
6301,3.8
6302,3.0
6303,2.0
6304,0.67
6305,1.25
6306,1.8
6307,2.35
6308,2.86
6309,2.6
6310,2.87
6311,3.47
6312,3.79
6313,3.75
6314,0.0
6315,2.17
6316,1.79
6317,3.0
6318,3.08
6319,3.15
6320,2.17
6321,3.44
6322,0.33
6323,3.4
6324,3.5
6325,3.31
6326,2.17
6327,3.0
6328,4.0
6329,2.92
6330,3.33
6331,2.0
6332,3.0
6333,4.0
6334,4.0
6335,0.25
6336,2.5
6337,2.25
6338,0.67
6339,2.23
6340,2.0
6341,4.0
6342,4.0
6343,0.0
6344,3.5
6345,2.8
6346,3.0
6347,3.17
6348,3.5
6349,0.0
6350,2.0
6351,2.46
6352,1.0
6353,4.0
6354,3.0
6355,4.0
6356,4.0
6357,1.63
6358,3.5
6359,3.6
6360,3.63
6361,3.67
6362,2.5
6363,3.5
6364,3.18
6365,2.62
6366,1.33
6367,3.92
6368,3.0
6369,4.0
6370,3.43
6371,2.5
6372,1.33
6373,0.5
6374,2.5
6375,2.75
6376,4.0
6377,4.0
6378,1.8
6379,2.5
6380,1.0
6381,3.0
6382,4.0
6383,4.0
6384,3.6
6385,3.6
6386,0.0
6387,3.47
6388,0.43
6389,2.81
6390,3.31
6391,3.2
6392,3.2
6393,3.0
6394,0.0
6395,2.53
6396,3.38
6397,2.67
6398,1.67
6399,3.0
6400,1.81
6401,4.0
6402,4.0
6403,0.0
6404,3.54
6405,3.83
6406,4.0
6407,2.75
6408,3.25
6409,3.25
6410,0.69
6411,3.8
6412,3.0
6413,0.0
6414,3.67
6415,2.25
6416,4.0
6417,3.19
6418,3.21
6419,3.5
6420,1.0
6421,2.5
6422,3.83
6423,2.23
6424,3.15
6425,3.75
6426,2.0
6427,2.25
6428,2.0
6429,3.69
6430,4.0
6431,1.75
6432,4.0
6433,2.4
6434,3.31
6435,3.0
6436,4.0
6437,2.75
6438,3.8
6439,1.75
6440,3.5
6441,2.38
6442,3.8
6443,1.0
6444,3.33
6445,2.25
6446,3.95
6447,4.0
6448,3.67
6449,3.6
6450,4.0
6451,3.5
6452,2.85
6453,2.44
6454,2.93
6455,1.28
6456,2.68
6457,3.67
6458,1.67
6459,2.0
6460,3.67
6461,4.0
6462,2.33
6463,4.0
6464,0.0
6465,4.0
6466,4.0
6467,3.75
6468,3.19
6469,0.5
6470,0.67
6471,4.0
6472,4.0
6473,2.18
6474,2.91
6475,3.69
6476,4.0
6477,3.25
6478,2.69
6479,3.0
6480,4.0
6481,2.25
6482,1.5
6483,4.0
6484,3.0
6485,3.07
6486,1.75
6487,3.83
6488,3.4
6489,3.67
6490,2.33
6491,2.88
6492,3.0
6493,2.73
6494,2.92
6495,4.0
6496,3.42
6497,3.0
6498,2.5
6499,3.77
6500,3.0
6501,2.62
6502,1.71
6503,3.0
6504,3.81
6505,1.85
6506,0.0
6507,1.93
6508,2.5
6509,3.06
6510,2.6
6511,3.93
6512,4.0
6513,4.0
6514,3.77
6515,2.64
6516,3.06
6517,3.69
6518,1.67
6519,3.0
6520,4.0
6521,3.56
6522,1.67
6523,4.0
6524,2.33
6525,4.0
6526,2.5
6527,0.77
6528,1.33
6529,3.0
6530,3.0
6531,3.54
6532,3.5
6533,3.77
6534,3.0
6535,3.67
6536,3.0
6537,4.0
6538,1.4
6539,3.0
6540,1.85
6541,3.6
6542,2.5
6543,3.25
6544,3.75
6545,4.0
6546,3.0
6547,2.5
6548,4.0
6549,2.0
6550,1.75
6551,4.0
6552,2.63
6553,2.8
6554,0.37
6555,4.0
6556,1.88
6557,4.0
6558,2.5
6559,1.19
6560,3.77
6561,0.67
6562,3.75
6563,3.15
6564,2.92
6565,4.0
6566,2.3
6567,3.0
6568,3.08
6569,0.6
6570,2.69
6571,2.67
6572,2.67
6573,3.8
6574,2.5
6575,0.62
6576,1.36
6577,3.8
6578,3.33
6579,2.8
6580,4.0
6581,2.77
6582,2.25
6583,4.0
6584,3.5
6585,3.14
6586,3.12
6587,2.0
6588,2.0
6589,1.67
6590,1.33
6591,4.0
6592,1.8
6593,2.0
6594,2.0
6595,1.31
6596,2.42
6597,2.36
6598,3.83
6599,2.6
6600,4.0
6601,3.4
6602,2.67
6603,2.6
6604,2.67
6605,2.6
6606,2.5
6607,3.33
6608,3.2
6609,3.59
6610,3.0
6611,0.0
6612,0.14
6613,3.5
6614,4.0
6615,2.0
6616,4.0
6617,3.5
6618,4.0
6619,4.0
6620,2.25
6621,2.5
6622,2.8
6623,3.45
6624,3.8
6625,1.23
6626,4.0
6627,4.0
6628,2.0
6629,2.5
6630,3.6
6631,3.14
6632,4.0
6633,3.4
6634,3.0
6635,3.5
6636,2.88
6637,3.23
6638,2.0
6639,4.0
6640,2.0
6641,0.0
6642,4.0
6643,3.17
6644,4.0
6645,2.67
6646,3.0
6647,2.6
6648,3.4
6649,2.69
6650,0.4
6651,3.81
6652,3.69
6653,4.0
6654,4.0
6655,3.33
6656,0.0
6657,0.7
6658,2.4
6659,3.25
6660,4.0
6661,4.0
6662,2.0
6663,1.75
6664,4.0
6665,3.0
6666,3.25
6667,3.5
6668,3.08
6669,3.71
6670,3.4
6671,4.0
6672,3.0
6673,3.23
6674,0.0
6675,4.0
6676,4.0
6677,2.33
6678,1.08
6679,2.88
6680,0.3
6681,2.83
6682,3.6
6683,4.0
6684,3.69
6685,4.0
6686,3.25
6687,2.36
6688,0.44
6689,2.0
6690,2.69
6691,3.77
6692,2.8
6693,1.25
6694,4.0
6695,4.0
6696,4.0
6697,3.27
6698,2.3
6699,2.0
6700,2.5
6701,0.33
6702,0.0
6703,3.46
6704,1.5
6705,3.69
6706,3.45
6707,1.5
6708,4.0
6709,2.0
6710,2.0
6711,3.65
6712,3.0
6713,0.0
6714,4.0
6715,3.25
6716,2.0
6717,3.73
6718,2.8
6719,1.4
6720,3.25
6721,1.8
6722,3.0
6723,2.71
6724,2.08
6725,4.0
6726,3.5
6727,3.17
6728,3.75
6729,2.75
6730,1.5
6731,3.65
6732,2.75
6733,4.0
6734,0.9
6735,2.5
6736,4.0
6737,3.58
6738,2.25
6739,3.21
6740,3.0
6741,3.4
6742,0.0
6743,0.0
6744,2.69
6745,3.57
6746,2.85
6747,3.56
6748,3.33
6749,4.0
6750,2.6
6751,3.67
6752,3.0
6753,3.33
6754,3.0
6755,2.77
6756,2.07
6757,1.33
6758,3.54
6759,3.67
6760,2.77
6761,4.0
6762,2.44
6763,0.3
6764,3.67
6765,3.19
6766,2.25
6767,2.0
6768,3.0
6769,3.46
6770,3.67
6771,1.25
6772,4.0
6773,4.0
6774,0.92
6775,0.23
6776,2.06
6777,1.5
6778,2.0
6779,4.0
6780,3.44
6781,2.0
6782,3.44
6783,4.0
6784,2.67
6785,3.77
6786,2.73
6787,3.0
6788,4.0
6789,0.62
6790,0.81
6791,3.45
6792,3.33
6793,3.27
6794,2.55
6795,3.59
6796,2.74
6797,3.2
6798,3.25
6799,3.6
6800,3.8
6801,1.5
6802,3.6
6803,3.81
6804,0.75
6805,3.33
6806,1.31
6807,3.0
6808,1.0
6809,3.08
6810,3.27
6811,3.23
6812,1.67
6813,2.83
6814,2.54
6815,3.82
6816,1.0
6817,3.75
6818,3.0
6819,2.5
6820,3.46
6821,2.3
6822,3.2
6823,2.71
6824,1.63
6825,2.76
6826,3.0
6827,2.46
6828,2.0
6829,2.75
6830,1.23
6831,4.0
6832,3.0
6833,3.4
6834,2.4
6835,3.6
6836,0.67
6837,3.27
6838,2.0
6839,3.63
6840,0.0
6841,2.2
6842,3.5
6843,3.2
6844,4.0
6845,3.6
6846,3.8
6847,3.08
6848,2.62
6849,3.38
6850,2.2
6851,0.86
6852,4.0
6853,3.2
6854,2.41
6855,4.0
6856,3.25
6857,3.75
6858,0.75
6859,3.25
6860,4.0
6861,2.4
6862,2.75
6863,0.8
6864,3.21
6865,3.3
6866,2.5
6867,2.4
6868,4.0
6869,3.75
6870,0.5
6871,1.23
6872,4.0
6873,3.13
6874,3.8
6875,3.5
6876,3.0
6877,4.0
6878,3.81
6879,1.25
6880,3.25
6881,3.0
6882,2.25
6883,4.0
6884,1.87
6885,3.56
6886,3.32
6887,4.0
6888,4.0
6889,3.75
6890,3.33
6891,3.0
6892,0.0
6893,3.4
6894,3.5
6895,3.57
6896,2.31
6897,2.25
6898,1.5
6899,4.0
6900,1.0
6901,1.25
6902,4.0
6903,3.6
6904,2.8
6905,4.0
6906,3.3
6907,3.0
6908,4.0
6909,3.1
6910,4.0
6911,4.0
6912,4.0
6913,2.14
6914,1.5
6915,3.0
6916,2.92
6917,3.0
6918,2.4
6919,4.0
6920,4.0
6921,3.0
6922,3.29
6923,3.4
6924,3.5
6925,4.0
6926,3.07
6927,2.67
6928,1.25
6929,2.4
6930,1.69
6931,3.23
6932,3.75
6933,2.5
6934,3.2
6935,4.0
6936,4.0
6937,3.75
6938,0.5
6939,4.0
6940,3.63
6941,4.0
6942,4.0
6943,2.86
6944,1.8
6945,2.25
6946,2.54
6947,1.79
6948,4.0
6949,4.0
6950,3.0
6951,2.0
6952,2.8
6953,3.0
6954,3.23
6955,3.23
6956,3.05
6957,3.43
6958,0.0
6959,0.0
6960,3.19
6961,1.33
6962,1.0
6963,2.25
6964,0.0
6965,4.0
6966,3.33
6967,2.75
6968,1.5
6969,4.0
6970,1.17
6971,4.0
6972,3.75
6973,4.0
6974,3.46
6975,3.0
6976,2.5
6977,3.79
6978,3.08
6979,3.69
6980,1.3
6981,3.5
6982,4.0
6983,2.33
6984,2.83
6985,4.0
6986,4.0
6987,3.4
6988,3.5
6989,1.75
6990,2.73
6991,2.38
6992,3.0
6993,2.29
6994,3.81
6995,2.4
6996,2.2
6997,2.63
6998,2.5
6999,1.73
7000,3.0
7001,3.38
7002,2.18
7003,0.0
7004,3.5
7005,0.0
7006,3.23
7007,3.84
7008,0.0
7009,4.0
7010,2.92
7011,0.0
7012,1.0
7013,2.6
7014,3.5
7015,3.43
7016,2.33
7017,2.25
7018,2.31
7019,4.0
7020,0.0
7021,3.3
7022,2.86
7023,4.0
7024,3.75
7025,0.0
7026,2.2
7027,4.0
7028,2.33
7029,2.15
7030,3.0
7031,2.3
7032,4.0
7033,3.1
7034,3.38
7035,2.62
7036,3.47
7037,4.0
7038,2.25
7039,2.58
7040,4.0
7041,2.6
7042,2.31
7043,3.44
7044,3.25
7045,4.0
7046,2.5
7047,3.57
7048,3.0
7049,2.58
7050,2.53
7051,2.71
7052,3.47
7053,3.8
7054,1.6
7055,1.2
7056,3.0
7057,3.15
7058,3.0
7059,1.15
7060,3.0
7061,3.6
7062,3.0
7063,3.25
7064,3.0
7065,2.8
7066,3.33
7067,2.13
7068,3.23
7069,4.0
7070,3.0
7071,3.6
7072,3.0
7073,1.5
7074,0.0
7075,3.0
7076,3.75
7077,2.69
7078,1.9
7079,3.46
7080,3.5
7081,2.56
7082,3.5
7083,2.0
7084,4.0
7085,0.25
7086,0.8
7087,2.54
7088,3.77
7089,0.6
7090,3.0
7091,4.0
7092,2.25
7093,3.5
7094,3.56
7095,2.77
7096,3.25
7097,3.1
7098,1.8
7099,3.6
7100,4.0
7101,2.5
7102,2.6
7103,2.5
7104,1.69
7105,4.0
7106,3.2
7107,3.67
7108,3.75
7109,2.0
7110,3.0
7111,4.0
7112,2.4
7113,0.0
7114,3.92
7115,4.0
7116,4.0
7117,3.31
7118,2.0
7119,3.0
7120,3.0
7121,3.0
7122,2.6
7123,2.6
7124,3.0
7125,3.64
7126,2.0
7127,0.6
7128,3.4
7129,1.0
7130,3.1
7131,3.2
7132,4.0
7133,2.15
7134,4.0
7135,1.0
7136,3.1
7137,3.2
7138,0.0
7139,1.25
7140,2.57
7141,1.82
7142,3.0
7143,3.73
7144,2.38
7145,3.0
7146,2.0
7147,2.92
7148,2.88
7149,3.75
7150,3.0
7151,3.5
7152,1.29
7153,2.2
7154,2.2
7155,3.43
7156,1.5
7157,1.9
7158,3.0
7159,3.77
7160,0.0
7161,1.4
7162,3.0
7163,0.71
7164,3.33
7165,3.75
7166,4.0
7167,4.0
7168,3.0
7169,3.5
7170,3.69
7171,1.5
7172,2.25
7173,4.0
7174,0.0
7175,2.55
7176,2.75
7177,3.25
7178,3.44
7179,4.0
7180,1.31
7181,2.33
7182,3.84
7183,1.67
7184,3.1
7185,2.7
7186,4.0
7187,4.0
7188,2.87
7189,2.29
7190,2.8
7191,3.25
7192,4.0
7193,4.0
7194,1.6
7195,4.0
7196,3.8
7197,2.0
7198,3.56
7199,1.6
7200,3.0
7201,3.85
7202,3.25
7203,3.0
7204,3.33
7205,3.0
7206,0.0
7207,3.31
7208,3.0
7209,4.0
7210,3.0
7211,3.0
7212,2.69
7213,4.0
7214,4.0
7215,3.46
7216,0.0
7217,3.29
7218,3.38
7219,2.0
7220,2.92
7221,3.4
7222,3.54
7223,3.29
7224,3.5
7225,3.23
7226,3.6
7227,3.4
7228,3.0
7229,3.0
7230,3.5
7231,3.06
7232,3.25
7233,3.5
7234,3.0
7235,1.6
7236,3.81
7237,2.5
7238,4.0
7239,4.0
7240,1.5
7241,3.2
7242,3.5
7243,4.0
7244,3.0
7245,4.0
7246,1.5
7247,4.0
7248,4.0
7249,4.0
7250,2.6
7251,3.5
7252,2.19
7253,3.33
7254,2.4
7255,3.2
7256,4.0
7257,3.56
7258,1.4
7259,3.13
7260,2.77
7261,3.25
7262,3.0
7263,3.0
7264,4.0
7265,3.43
7266,1.75
7267,2.0
7268,3.0
7269,2.8
7270,3.5
7271,3.0
7272,2.6
7273,4.0
7274,3.0
7275,0.0
7276,3.33
7277,3.6
7278,3.63
7279,3.31
7280,3.0
7281,0.4
7282,3.0
7283,3.6
7284,0.85
7285,4.0
7286,3.14
7287,3.63
7288,2.36
7289,1.64
7290,0.5
7291,4.0
7292,3.75
7293,4.0
7294,3.0
7295,1.0
7296,0.0
7297,2.5
7298,2.53
7299,0.0
7300,2.0
7301,3.57
7302,2.67
7303,2.57
7304,3.0
7305,4.0
7306,2.89
7307,4.0
7308,3.47
7309,3.29
7310,2.88
7311,4.0
7312,3.15
7313,3.23
7314,3.31
7315,3.25
7316,4.0
7317,2.75
7318,4.0
7319,2.8
7320,3.0
7321,3.75
7322,4.0
7323,4.0
7324,3.0
7325,4.0
7326,2.92
7327,3.59
7328,2.58
7329,1.67
7330,2.33
7331,3.0
7332,4.0
7333,4.0
7334,0.0
7335,2.8
7336,2.0
7337,4.0
7338,2.0
7339,4.0
7340,3.77
7341,3.5
7342,3.36
7343,0.0
7344,1.75
7345,2.25
7346,3.6
7347,1.6
7348,2.5
7349,3.75
7350,1.63
7351,3.0
7352,3.8
7353,0.5
7354,2.75
7355,4.0
7356,3.33
7357,0.0
7358,1.08
7359,4.0
7360,3.53
7361,3.0
7362,2.0
7363,0.0
7364,3.0
7365,2.8
7366,0.0
7367,3.17
7368,4.0
7369,3.12
7370,3.44
7371,0.0
7372,4.0
7373,4.0
7374,3.68
7375,2.5
7376,2.5
7377,4.0
7378,2.5
7379,2.23
7380,3.0
7381,1.5
7382,2.67
7383,3.44
7384,4.0
7385,2.6
7386,3.4
7387,3.2
7388,3.17
7389,3.0
7390,2.47
7391,3.2
7392,3.0
7393,4.0
7394,4.0
7395,3.13
7396,0.0
7397,2.75
7398,4.0
7399,3.33
7400,2.1
7401,2.5
7402,4.0
7403,4.0
7404,3.67
7405,3.08
7406,4.0
7407,1.43
7408,1.0
7409,2.5
7410,3.75
7411,2.0
7412,2.6
7413,3.4
7414,1.5
7415,3.0
7416,4.0
7417,1.67
7418,3.5
7419,2.69
7420,2.8
7421,2.0
7422,3.5
7423,4.0
7424,3.5
7425,2.4
7426,2.82
7427,3.71
7428,3.4
7429,2.4
7430,4.0
7431,2.4
7432,4.0
7433,2.4
7434,0.6
7435,4.0
7436,3.6
7437,2.15
7438,4.0
7439,2.0
7440,4.0
7441,2.83
7442,0.0
7443,4.0
7444,4.0
7445,3.33
7446,2.15
7447,3.0
7448,3.45
7449,0.0
7450,3.33
7451,4.0
7452,1.25
7453,2.8
7454,2.25
7455,2.67
7456,2.23
7457,4.0
7458,1.5
7459,3.33
7460,0.0
7461,3.0
7462,3.46
7463,3.0
7464,2.32
7465,3.77
7466,2.17
7467,3.75
7468,2.07
7469,3.73
7470,2.83
7471,3.0
7472,3.25
7473,2.54
7474,2.63
7475,4.0
7476,1.5
7477,4.0
7478,1.19
7479,3.35
7480,4.0
7481,2.54
7482,3.21
7483,2.16
7484,2.78
7485,3.8
7486,0.0
7487,3.0
7488,1.0
7489,3.4
7490,3.0
7491,3.17
7492,1.31
7493,3.43
7494,2.69
7495,2.0
7496,2.37
7497,4.0
7498,1.5
7499,4.0
7500,2.0
7501,3.23
7502,1.62
7503,3.25
7504,4.0
7505,3.5
7506,4.0
7507,2.29
7508,4.0
7509,1.0
7510,3.0
7511,3.0
7512,3.77
7513,3.64
7514,0.0
7515,2.8
7516,0.19
7517,1.62
7518,3.75
7519,2.5
7520,3.0
7521,3.0
7522,3.5
7523,3.5
7524,3.23
7525,3.43
7526,2.77
7527,3.0
7528,3.15
7529,2.58
7530,4.0
7531,1.67
7532,4.0
7533,2.79
7534,2.13
7535,3.33
7536,4.0
7537,2.4
7538,3.33
7539,4.0
7540,3.67
7541,0.0
7542,2.23
7543,3.8
7544,2.25
7545,4.0
7546,2.0
7547,1.42
7548,3.25
7549,3.75
7550,0.0
7551,0.0
7552,3.65
7553,3.0
7554,4.0
7555,3.3
7556,3.77
7557,1.5
7558,2.25
7559,3.33
7560,4.0
7561,2.25
7562,1.7
7563,3.0
7564,2.69
7565,3.75
7566,2.2
7567,2.8
7568,1.14
7569,2.0
7570,3.25
7571,3.81
7572,4.0
7573,3.81
7574,2.33
7575,3.5
7576,3.5
7577,3.82
7578,0.36
7579,3.8
7580,3.0
7581,4.0
7582,3.0
7583,3.77
7584,1.5
7585,4.0
7586,3.8
7587,3.2
7588,4.0
7589,2.25
7590,3.14
7591,4.0
7592,3.0
7593,3.07
7594,3.77
7595,3.08
7596,4.0
7597,3.2
7598,3.21
7599,3.25
7600,3.2
7601,3.8
7602,3.08
7603,0.67
7604,3.75
7605,0.3
7606,2.5
7607,3.56
7608,4.0
7609,1.6
7610,3.6
7611,2.0
7612,3.0
7613,0.38
7614,3.75
7615,2.7
7616,3.5
7617,3.79
7618,3.5
7619,1.75
7620,3.0
7621,0.0
7622,4.0
7623,3.0
7624,3.38
7625,2.13
7626,3.81
7627,3.0
7628,3.6
7629,2.0
7630,3.5
7631,3.6
7632,3.0
7633,4.0
7634,3.75
7635,2.0
7636,3.75
7637,4.0
7638,3.0
7639,1.75
7640,3.0
7641,3.2
7642,3.6
7643,2.33
7644,4.0
7645,4.0
7646,4.0
7647,3.83
7648,3.38
7649,3.69
7650,2.0
7651,2.94
7652,3.67
7653,4.0
7654,2.5
7655,3.25
7656,2.75
7657,2.5
7658,3.82
7659,2.0
7660,1.67
7661,3.0
7662,3.2
7663,4.0
7664,3.0
7665,3.77
7666,3.0
7667,3.63
7668,2.4
7669,3.13
7670,2.33
7671,4.0
7672,3.82
7673,2.5
7674,0.7
7675,3.0
7676,2.5
7677,2.42
7678,2.94
7679,3.44
7680,3.0
7681,1.69
7682,1.15
7683,2.0
7684,4.0
7685,0.5
7686,4.0
7687,4.0
7688,2.88
7689,4.0
7690,0.0
7691,2.2
7692,4.0
7693,2.92
7694,2.2
7695,3.31
7696,3.63
7697,2.31
7698,3.67
7699,2.25
7700,2.94
7701,3.0
7702,3.0
7703,3.0
7704,2.46
7705,3.38
7706,4.0
7707,2.62
7708,3.57
7709,3.6
7710,3.23
7711,3.38
7712,3.77
7713,2.25
7714,3.25
7715,0.5
7716,4.0
7717,4.0
7718,3.67
7719,2.5
7720,2.19
7721,3.31
7722,4.0
7723,4.0
7724,3.81
7725,4.0
7726,2.75
7727,2.8
7728,1.67
7729,3.0
7730,3.89
7731,2.67
7732,2.67
7733,0.5
7734,3.06
7735,4.0
7736,3.07
7737,2.82
7738,1.0
7739,4.0
7740,3.75
7741,0.0
7742,0.0
7743,3.19
7744,4.0
7745,3.0
7746,1.67
7747,3.33
7748,3.0
7749,3.0
7750,3.0
7751,3.6
7752,2.69
7753,3.3
7754,1.5
7755,0.5
7756,0.33
7757,2.15
7758,2.54
7759,3.67
7760,3.25
7761,3.0
7762,4.0
7763,3.4
7764,4.0
7765,2.1
7766,3.0
7767,3.2
7768,3.67
7769,3.64
7770,3.0
7771,4.0
7772,1.18
7773,1.0
7774,2.8
7775,2.0
7776,3.8
7777,3.2
7778,1.08
7779,3.0
7780,3.5
7781,2.53
7782,2.8
7783,3.5
7784,3.44
7785,3.05
7786,1.2
7787,2.5
7788,3.2
7789,3.4
7790,4.0
7791,2.77
7792,2.2
7793,3.83
7794,3.3
7795,3.21
7796,2.75
7797,4.0
7798,1.0
7799,2.23
7800,4.0
7801,2.0
7802,2.0
7803,2.0
7804,3.5
7805,3.63
7806,3.81
7807,3.25
7808,2.38
7809,3.67
7810,3.0
7811,1.82
7812,4.0
7813,2.38
7814,3.8
7815,2.79
7816,3.54
7817,3.0
7818,3.75
7819,4.0
7820,2.8
7821,2.25
7822,2.0
7823,3.8
7824,3.0
7825,4.0
7826,3.08
7827,2.25
7828,2.0
7829,2.75
7830,4.0
7831,2.71
7832,4.0
7833,4.0
7834,3.17
7835,3.38
7836,3.2
7837,3.5
7838,1.94
7839,2.5
7840,2.77
7841,2.93
7842,3.56
7843,3.56
7844,2.77
7845,3.7
7846,1.09
7847,3.0
7848,4.0
7849,3.0
7850,3.67
7851,3.08
7852,3.5
7853,2.4
7854,3.75
7855,2.92
7856,3.6
7857,3.0
7858,0.0
7859,3.81
7860,2.2
7861,4.0
7862,2.77
7863,0.0
7864,2.67
7865,3.46
7866,3.8
7867,3.4
7868,4.0
7869,2.75
7870,2.2
7871,2.58
7872,1.91
7873,2.88
7874,3.38
7875,3.75
7876,2.0
7877,3.21
7878,3.12
7879,3.75
7880,4.0
7881,4.0
7882,2.33
7883,0.67
7884,3.07
7885,2.8
7886,1.67
7887,3.5
7888,4.0
7889,3.0
7890,2.0
7891,2.91
7892,2.75
7893,2.0
7894,2.6
7895,3.58
7896,2.0
7897,0.33
7898,2.2
7899,3.25
7900,3.4
7901,3.2
7902,3.0
7903,1.83
7904,3.0
7905,3.0
7906,3.5
7907,2.56
7908,1.64
7909,4.0
7910,2.75
7911,0.0
7912,3.14
7913,1.0
7914,4.0
7915,0.0
7916,1.77
7917,0.0
7918,4.0
7919,2.75
7920,2.0
7921,1.33
7922,3.6
7923,2.75
7924,4.0
7925,2.0
7926,2.2
7927,2.8
7928,2.94
7929,3.81
7930,1.33
7931,1.21
7932,3.67
7933,3.25
7934,3.5
7935,1.4
7936,3.0
7937,3.08
7938,3.38
7939,3.25
7940,1.25
7941,4.0
7942,3.14
7943,2.88
7944,4.0
7945,2.75
7946,2.5
7947,3.43
7948,0.0
7949,4.0
7950,2.0
7951,2.92
7952,3.33
7953,2.33
7954,3.0
7955,1.92
7956,2.77
7957,3.71
7958,3.2
7959,2.67
7960,3.33
7961,4.0
7962,0.33
7963,2.4
7964,4.0
7965,3.06
7966,3.0
7967,4.0
7968,1.8
7969,3.24
7970,2.5
7971,3.5
7972,3.5
7973,3.61
7974,3.8
7975,0.6
7976,4.0
7977,2.33
7978,4.0
7979,4.0
7980,4.0
7981,4.0
7982,3.25
7983,4.0
7984,4.0
7985,2.23
7986,4.0
7987,3.0
7988,3.0
7989,1.3
7990,2.25
7991,4.0
7992,1.25
7993,3.08
7994,2.2
7995,2.19
7996,2.83
7997,4.0
7998,2.29
7999,2.5
8000,4.0
8001,4.0
8002,4.0
8003,2.6
8004,2.25
8005,3.75
8006,4.0
8007,2.2
8008,2.56
8009,4.0
8010,3.17
8011,3.0
8012,1.75
8013,3.6
8014,3.5
8015,1.18
8016,4.0
8017,3.75
8018,4.0
8019,4.0
8020,3.17
8021,2.75
8022,2.0
8023,1.5
8024,2.0
8025,3.0
8026,3.75
8027,3.4
8028,3.06
8029,3.8
8030,2.62
8031,1.33
8032,2.8
8033,2.77
8034,3.21
8035,2.25
8036,3.4
8037,2.8
8038,4.0
8039,1.58
8040,2.0
8041,2.75
8042,3.38
8043,3.75
8044,2.5
8045,2.5
8046,3.25
8047,3.5
8048,3.79
8049,0.46
8050,0.0
8051,2.0
8052,3.0
8053,3.75
8054,3.55
8055,4.0
8056,3.33
8057,3.31
8058,3.2
8059,2.93
8060,3.67
8061,4.0
8062,0.0
8063,2.75
8064,3.0
8065,2.56
8066,3.38
8067,2.0
8068,2.36
8069,3.0
8070,4.0
8071,4.0
8072,2.92
8073,2.6
8074,3.29
8075,3.2
8076,3.2
8077,3.67
8078,3.81
8079,2.75
8080,4.0
8081,3.47
8082,2.23
8083,4.0
8084,3.4
8085,4.0
8086,2.0
8087,1.2
8088,1.0
8089,3.67
8090,2.4
8091,2.6
8092,2.0
8093,3.0
8094,1.38
8095,4.0
8096,2.69
8097,4.0
8098,2.0
8099,4.0
8100,2.17
8101,2.54
8102,4.0
8103,3.6
8104,2.17
8105,0.4
8106,1.4
8107,3.67
8108,2.31
8109,4.0
8110,3.0
8111,1.0
8112,3.0
8113,4.0
8114,2.92
8115,2.6
8116,2.85
8117,2.75
8118,3.5
8119,3.2
8120,2.75
8121,3.0
8122,2.0
8123,3.0
8124,3.08
8125,3.4
8126,2.87
8127,1.0
8128,2.14
8129,2.5
8130,3.6
8131,2.81
8132,1.25
8133,4.0
8134,2.29
8135,2.75
8136,4.0
8137,4.0
8138,2.83
8139,1.0
8140,2.5
8141,3.0
8142,4.0
8143,1.23
8144,2.2
8145,1.5
8146,2.75
8147,3.67
8148,4.0
8149,4.0
8150,3.54
8151,2.33
8152,4.0
8153,3.44
8154,3.5
8155,3.63
8156,1.38
8157,1.73
8158,3.8
8159,3.27
8160,3.0
8161,2.86
8162,3.07
8163,3.67
8164,3.0
8165,0.44
8166,3.56
8167,3.0
8168,3.8
8169,2.0
8170,1.54
8171,1.85
8172,3.4
8173,2.2
8174,2.8
8175,0.0
8176,3.0
8177,3.5
8178,3.75
8179,3.21
8180,2.0
8181,2.33
8182,3.67
8183,3.0
8184,2.54
8185,2.24
8186,3.0
8187,2.75
8188,2.0
8189,2.46
8190,1.15
8191,1.5
8192,3.47
8193,3.8
8194,3.8
8195,2.23
8196,3.5
8197,4.0
8198,4.0
8199,3.29
8200,4.0
8201,2.27
8202,0.0
8203,3.13
8204,3.6
8205,2.8
8206,2.8
8207,2.5
8208,2.4
8209,3.83
8210,4.0
8211,3.08
8212,3.16
8213,1.33
8214,3.0
8215,2.4
8216,3.0
8217,3.0
8218,2.69
8219,1.54
8220,3.4
8221,2.5
8222,3.0
8223,4.0
8224,2.0
8225,3.38
8226,2.77
8227,3.79
8228,3.84
8229,2.5
8230,2.5
8231,3.73
8232,3.29
8233,0.0
8234,3.69
8235,0.0
8236,3.43
8237,4.0
8238,2.6
8239,2.67
8240,2.75
8241,3.44
8242,2.0
8243,4.0
8244,3.5
8245,0.0
8246,4.0
8247,3.6
8248,2.2
8249,1.77
8250,3.77
8251,4.0
8252,3.63
8253,4.0
8254,0.5
8255,3.8
8256,2.92
8257,1.67
8258,4.0
8259,3.0
8260,3.21
8261,3.0
8262,3.33
8263,2.87
8264,2.19
8265,2.0
8266,2.94
8267,3.75
8268,2.5
8269,1.69
8270,2.0
8271,3.0
8272,3.0
8273,3.0
8274,3.06
8275,3.4
8276,0.94
8277,3.21
8278,0.78
8279,3.0
8280,4.0
8281,1.8
8282,1.15
8283,0.7
8284,3.0
8285,3.08
8286,2.38
8287,3.11
8288,3.0
8289,3.75
8290,4.0
8291,2.75
8292,3.6
8293,2.2
8294,3.5
8295,2.77
8296,2.75
8297,3.19
8298,3.77
8299,3.21
8300,3.85
8301,4.0
8302,3.2
8303,0.77
8304,2.4
8305,4.0
8306,1.46
8307,2.13
8308,3.23
8309,4.0
8310,3.0
8311,1.6
8312,3.4
8313,4.0
8314,1.85
8315,3.4
8316,4.0
8317,3.2
8318,4.0
8319,4.0
8320,3.25
8321,3.44
8322,3.5
8323,1.5
8324,2.25
8325,4.0
8326,3.75
8327,2.56
8328,4.0
8329,1.94
8330,2.0
8331,2.37
8332,0.0
8333,3.5
8334,3.19
8335,0.0
8336,2.57
8337,4.0
8338,2.5
8339,2.81
8340,3.13
8341,2.83
8342,2.29
8343,0.86
8344,2.75
8345,4.0
8346,0.0
8347,2.23
8348,0.25
8349,2.58
8350,4.0
8351,3.6
8352,4.0
8353,4.0
8354,2.0
8355,3.14
8356,3.83
8357,0.5
8358,4.0
8359,3.75
8360,3.0
8361,3.2
8362,1.6
8363,2.54
8364,3.69
8365,3.6
8366,4.0
8367,3.0
8368,3.77
8369,4.0
8370,4.0
8371,2.0
8372,2.33
8373,4.0
8374,3.8
8375,3.2
8376,2.63
8377,4.0
8378,2.4
8379,0.0
8380,0.0
8381,3.56
8382,2.25
8383,3.79
8384,4.0
8385,3.8
8386,3.54
8387,0.75
8388,0.09
8389,2.5
8390,2.6
8391,3.0
8392,3.67
8393,1.2
8394,3.19
8395,3.5
8396,1.5
8397,4.0
8398,3.8
8399,3.33
8400,2.0
8401,0.2
8402,3.35
8403,4.0
8404,3.17
8405,4.0
8406,3.0
8407,1.8
8408,2.94
8409,2.69
8410,2.0
8411,0.0
8412,2.77
8413,2.0
8414,3.0
8415,2.33
8416,3.5
8417,2.86
8418,2.5
8419,3.81
8420,3.69
8421,3.5
8422,2.75
8423,4.0
8424,3.6
8425,0.0
8426,2.57
8427,4.0
8428,1.33
8429,3.31
8430,3.73
8431,3.53
8432,4.0
8433,3.0
8434,3.63
8435,3.0
8436,2.5
8437,3.8
8438,3.5
8439,2.2
8440,3.75
8441,3.08
8442,4.0
8443,3.5
8444,4.0
8445,3.71
8446,3.23
8447,3.08
8448,2.5
8449,3.5
8450,3.67
8451,4.0
8452,0.25
8453,2.4
8454,2.5
8455,3.5
8456,2.43
8457,1.0
8458,4.0
8459,4.0
8460,0.0
8461,2.25
8462,2.43
8463,2.38
8464,3.6
8465,3.92
8466,3.75
8467,3.75
8468,3.14
8469,3.46
8470,2.43
8471,2.85
8472,2.0
8473,3.54
8474,3.0
8475,4.0
8476,4.0
8477,3.75
8478,3.25
8479,3.0
8480,3.69
8481,3.8
8482,4.0
8483,1.9
8484,2.5
8485,3.63
8486,4.0
8487,4.0
8488,2.77
8489,3.0
8490,3.47
8491,4.0
8492,2.6
8493,3.38
8494,2.77
8495,2.67
8496,3.0
8497,3.33
8498,3.25
8499,3.0
8500,3.67
8501,3.0
8502,3.12
8503,3.4
8504,3.8
8505,4.0
8506,4.0
8507,2.6
8508,4.0
8509,4.0
8510,2.0
8511,2.23
8512,4.0
8513,3.67
8514,4.0
8515,3.5
8516,3.25
8517,3.07
8518,4.0
8519,2.75
8520,3.21
8521,2.29
8522,2.57
8523,4.0
8524,3.0
8525,4.0
8526,3.71
8527,0.0
8528,4.0
8529,2.79
8530,3.71
8531,3.0
8532,2.8
8533,1.0
8534,2.29
8535,2.75
8536,2.5
8537,1.69
8538,1.75
8539,3.08
8540,4.0
8541,3.5
8542,4.0
8543,3.64
8544,2.5
8545,2.0
8546,3.14
8547,4.0
8548,2.88
8549,2.75
8550,3.0
8551,2.92
8552,3.21
8553,3.5
8554,3.0
8555,2.5
8556,2.0
8557,2.0
8558,2.77
8559,2.0
8560,3.5
8561,4.0
8562,1.7
8563,3.54
8564,4.0
8565,1.69
8566,3.7
8567,1.5
8568,3.75
8569,1.56
8570,1.45
8571,2.2
8572,4.0
8573,0.71
8574,1.54
8575,2.25
8576,3.0
8577,3.2
8578,2.8
8579,3.0
8580,3.56
8581,3.8
8582,3.4
8583,2.33
8584,4.0
8585,3.0
8586,1.93
8587,2.0
8588,3.4
8589,3.8
8590,0.63
8591,1.54
8592,3.0
8593,3.85
8594,4.0
8595,2.33
8596,3.23
8597,1.0
8598,3.0
8599,2.1
8600,3.25
8601,2.15
8602,4.0
8603,4.0
8604,0.46
8605,2.19
8606,3.4
8607,3.0
8608,2.75
8609,4.0
8610,4.0
8611,4.0
8612,2.7
8613,2.6
8614,4.0
8615,2.75
8616,3.5
8617,4.0
8618,2.62
8619,3.5
8620,2.88
8621,4.0
8622,4.0
8623,2.5
8624,3.23
8625,4.0
8626,3.6
8627,3.5
8628,4.0
8629,2.2
8630,3.0
8631,3.6
8632,2.17
8633,2.2
8634,4.0
8635,4.0
8636,2.46
8637,2.0
8638,4.0
8639,3.12
8640,3.4
8641,2.81
8642,4.0
8643,4.0
8644,3.54
8645,4.0
8646,3.0
8647,2.53
8648,4.0
8649,3.0
8650,1.5
8651,3.0
8652,3.15
8653,3.2
8654,0.0
8655,2.79
8656,3.4
8657,2.65
8658,3.14
8659,3.75
8660,3.46
8661,3.0
8662,3.29
8663,4.0
8664,2.25
8665,3.0
8666,2.33
8667,4.0
8668,3.0
8669,4.0
8670,2.43
8671,4.0
8672,2.5
8673,0.0
8674,3.0
8675,4.0
8676,2.83
8677,3.0
8678,3.5
8679,2.25
8680,3.67
8681,3.6
8682,3.5
8683,2.0
8684,1.54
8685,4.0
8686,2.2
8687,2.5
8688,4.0
8689,1.4
8690,4.0
8691,2.0
8692,2.8
8693,4.0
8694,4.0
8695,3.38
8696,3.81
8697,0.0
8698,4.0
8699,3.5
8700,3.5
8701,2.67
8702,3.5
8703,1.8
8704,2.82
8705,2.0
8706,1.5
8707,2.69
8708,3.75
8709,3.5
8710,3.0
8711,3.25
8712,4.0
8713,2.69
8714,3.8
8715,4.0
8716,3.81
8717,1.8
8718,3.56
8719,0.0
8720,3.4
8721,2.3
8722,3.57
8723,3.75
8724,3.5
8725,3.25
8726,3.0
8727,3.6
8728,2.8
8729,4.0
8730,4.0
8731,3.2
8732,4.0
8733,3.75
8734,2.33
8735,3.0
8736,4.0
8737,3.0
8738,1.0
8739,3.0
8740,4.0
8741,3.0
8742,2.85
8743,3.45
8744,3.0
8745,1.0
8746,4.0
8747,3.7
8748,3.2
8749,3.63
8750,4.0
8751,4.0
8752,1.5
8753,3.0
8754,4.0
8755,2.4
8756,4.0
8757,3.08
8758,4.0
8759,4.0
8760,3.25
8761,3.0
8762,3.2
8763,1.6
8764,1.43
8765,2.83
8766,3.8
8767,4.0
8768,3.46
8769,2.6
8770,3.81
8771,4.0
8772,3.57
8773,4.0
8774,3.63
8775,3.0
8776,1.81
8777,3.5
8778,2.17
8779,3.06
8780,0.5
8781,1.5
8782,2.4
8783,1.7
8784,4.0
8785,4.0
8786,0.0
8787,1.64
8788,0.5
8789,1.85
8790,4.0
8791,4.0
8792,2.0
8793,4.0
8794,3.5
8795,3.7
8796,4.0
8797,2.25
8798,3.69
8799,4.0
8800,4.0
8801,4.0
8802,4.0
8803,3.0
8804,2.38
8805,3.75
8806,3.0
8807,3.93
8808,2.0
8809,3.63
8810,2.57
8811,3.0
8812,4.0
8813,3.58
8814,3.5
8815,2.87
8816,3.4
8817,2.73
8818,4.0
8819,3.67
8820,3.17
8821,3.0
8822,2.25
8823,3.69
8824,4.0
8825,3.0
8826,2.58
8827,2.75
8828,0.0
8829,0.0
8830,0.75
8831,2.83
8832,2.79
8833,4.0
8834,3.0
8835,3.0
8836,4.0
8837,2.8
8838,2.2
8839,3.53
8840,3.82
8841,0.27
8842,2.85
8843,4.0
8844,3.23
8845,3.38
8846,2.8
8847,3.67
8848,2.0
8849,4.0
8850,4.0
8851,3.2
8852,3.8
8853,3.6
8854,1.45
8855,3.2
8856,3.0
8857,1.75
8858,3.67
8859,2.25
8860,3.33
8861,3.13
8862,4.0
8863,3.4
8864,1.0
8865,4.0
8866,3.4
8867,2.77
8868,4.0
8869,4.0
8870,4.0
8871,2.0
8872,1.75
8873,1.25
8874,1.88
8875,2.77
8876,4.0
8877,2.0
8878,3.0
8879,2.3
8880,3.2
8881,2.0
8882,2.57
8883,2.86
8884,3.42
8885,3.67
8886,0.56
8887,3.0
8888,2.23
8889,1.0
8890,2.5
8891,0.85
8892,3.75
8893,4.0
8894,1.08
8895,4.0
8896,4.0
8897,4.0
8898,2.5
8899,2.75
8900,2.67
8901,3.37
8902,4.0
8903,1.25
8904,0.0
8905,1.67
8906,0.6
8907,1.5
8908,3.0
8909,2.0
8910,3.67
8911,4.0
8912,3.0
8913,1.33
8914,4.0
8915,3.0
8916,3.78
8917,3.81
8918,2.63
8919,3.0
8920,1.75
8921,4.0
8922,3.23
8923,1.54
8924,3.17
8925,2.74
8926,3.0
8927,2.25
8928,2.08
8929,3.0
8930,2.86
8931,4.0
8932,3.31
8933,3.5
8934,3.78
8935,3.5
8936,2.0
8937,3.0
8938,3.23
8939,3.33
8940,2.44
8941,2.79
8942,4.0
8943,2.15
8944,3.0
8945,1.33
8946,3.0
8947,4.0
8948,2.8
8949,4.0
8950,3.08
8951,3.2
8952,2.0
8953,3.63
8954,2.88
8955,2.63
8956,3.38
8957,4.0
8958,4.0
8959,4.0
8960,2.29
8961,1.92
8962,3.11
8963,2.46
8964,2.13
8965,4.0
8966,2.0
8967,3.56
8968,0.25
8969,0.33
8970,2.5
8971,2.8
8972,2.8
8973,1.62
8974,4.0
8975,4.0
8976,3.6
8977,4.0
8978,1.83
8979,3.5
8980,2.33
8981,4.0
8982,3.0
8983,3.33
8984,4.0
8985,4.0
8986,3.8
8987,3.0
8988,4.0
8989,3.8
8990,3.5
8991,2.81
